2026-09-10T17:25:49.252+05:30  INFO 30896 --- [zellpayment-api] [restartedMain] c.zellpayment.ZellpaymentApiApplication  : Starting ZellpaymentApiApplication using Java 26.0.2.1 with PID 30896 (C:\Xworkz Internship\zellpayment-api\zellpayment-api\build\classes\java\main started by SHASHANK in C:\Xworkz Internship\zellpayment-api\zellpayment-api)
2026-09-10T17:25:49.255+05:30 DEBUG 30896 --- [zellpayment-api] [restartedMain] c.zellpayment.ZellpaymentApiApplication  : Running with Spring Boot v4.1.1, Spring v7.0.9
2026-09-10T17:25:49.256+05:30  INFO 30896 --- [zellpayment-api] [restartedMain] c.zellpayment.ZellpaymentApiApplication  : No active profile set, falling back to 1 default profile: "default"
2026-09-10T17:25:49.295+05:30  INFO 30896 --- [zellpayment-api] [restartedMain] .e.DevToolsPropertyDefaultsPostProcessor : Devtools property defaults active! Set 'spring.devtools.add-properties' to 'false' to disable
2026-09-10T17:25:49.296+05:30  INFO 30896 --- [zellpayment-api] [restartedMain] .e.DevToolsPropertyDefaultsPostProcessor : For additional web related logging consider setting the 'logging.level.web' property to 'DEBUG'
2026-09-10T17:25:50.041+05:30  INFO 30896 --- [zellpayment-api] [restartedMain] .s.d.r.c.RepositoryConfigurationDelegate : Multiple Spring Data modules found, entering strict repository configuration mode
2026-09-10T17:25:50.042+05:30  INFO 30896 --- [zellpayment-api] [restartedMain] .s.d.r.c.RepositoryConfigurationDelegate : Bootstrapping Spring Data JPA repositories in DEFAULT mode.
2026-09-10T17:25:50.057+05:30  INFO 30896 --- [zellpayment-api] [restartedMain] .s.d.r.c.RepositoryConfigurationDelegate : Finished Spring Data repository scanning in 7 ms. Found 0 JPA repository interfaces.
2026-09-10T17:25:50.082+05:30  INFO 30896 --- [zellpayment-api] [restartedMain] .s.d.r.c.RepositoryConfigurationDelegate : Multiple Spring Data modules found, entering strict repository configuration mode
2026-09-10T17:25:50.083+05:30  INFO 30896 --- [zellpayment-api] [restartedMain] .s.d.r.c.RepositoryConfigurationDelegate : Bootstrapping Spring Data MongoDB repositories in DEFAULT mode.
2026-09-10T17:25:50.085+05:30  INFO 30896 --- [zellpayment-api] [restartedMain] .s.d.r.c.RepositoryConfigurationDelegate : Finished Spring Data repository scanning in 1 ms. Found 0 MongoDB repository interfaces.
2026-09-10T17:25:50.500+05:30  INFO 30896 --- [zellpayment-api] [restartedMain] o.s.boot.tomcat.TomcatWebServer          : Tomcat initialized with port 9090 (http)
2026-09-10T17:25:50.522+05:30  INFO 30896 --- [zellpayment-api] [restartedMain] o.apache.catalina.core.StandardService   : Starting service [Tomcat]
2026-09-10T17:25:50.523+05:30  INFO 30896 --- [zellpayment-api] [restartedMain] o.apache.catalina.core.StandardEngine    : Starting Servlet engine: [Apache Tomcat/11.0.24]
2026-09-10T17:25:50.570+05:30  INFO 30896 --- [zellpayment-api] [restartedMain] b.w.c.s.WebApplicationContextInitializer : Root WebApplicationContext: initialization completed in 1274 ms
2026-09-10T17:25:50.681+05:30  WARN 30896 --- [zellpayment-api] [restartedMain] ConfigServletWebServerApplicationContext : Exception encountered during context initialization - cancelling refresh attempt: org.springframework.beans.factory.BeanCreationException: Error creating bean with name 'entityManagerFactory' defined in class path resource [org/springframework/boot/hibernate/autoconfigure/HibernateJpaConfiguration.class]: Failed to initialize dependency 'inMemoryDatabaseShutdownExecutor' of LoadTimeWeaverAware bean 'entityManagerFactory': Error creating bean with name 'inMemoryDatabaseShutdownExecutor' defined in class path resource [org/springframework/boot/devtools/autoconfigure/DevToolsDataSourceAutoConfiguration.class]: Unsatisfied dependency expressed through method 'inMemoryDatabaseShutdownExecutor' parameter 0: Error creating bean with name 'dataSource' defined in class path resource [org/springframework/boot/jdbc/autoconfigure/DataSourceConfiguration$Hikari.class]: Failed to instantiate [com.zaxxer.hikari.HikariDataSource]: Factory method 'dataSource' threw exception with message: Failed to determine a suitable driver class
2026-09-10T17:25:50.684+05:30  INFO 30896 --- [zellpayment-api] [restartedMain] o.apache.catalina.core.StandardService   : Stopping service [Tomcat]
2026-09-10T17:25:50.698+05:30  INFO 30896 --- [zellpayment-api] [restartedMain] .s.b.a.l.ConditionEvaluationReportLogger : 

Error starting ApplicationContext. To display the condition evaluation report re-run your application with 'debug' enabled.
2026-09-10T17:25:50.713+05:30 ERROR 30896 --- [zellpayment-api] [restartedMain] o.s.b.d.LoggingFailureAnalysisReporter   : 

***************************
APPLICATION FAILED TO START
***************************

Description:

Failed to configure a DataSource: 'url' attribute is not specified and no embedded datasource could be configured.

Reason: Failed to determine a suitable driver class


Action:

Consider the following:
	If you want an embedded database (H2, HSQL or Derby), please put it on the classpath.
	If you have database settings to be loaded from a particular profile you may need to activate it (no profiles are currently active).

2026-09-10T17:44:23.303+05:30  INFO 2092 --- [zellpayment-api] [restartedMain] c.zellpayment.ZellpaymentApiApplication  : Starting ZellpaymentApiApplication using Java 26.0.2.1 with PID 2092 (C:\Xworkz Internship\zellpayment-api\zellpayment-api\build\classes\java\main started by SHASHANK in C:\Xworkz Internship\zellpayment-api\zellpayment-api)
2026-09-10T17:44:23.305+05:30 DEBUG 2092 --- [zellpayment-api] [restartedMain] c.zellpayment.ZellpaymentApiApplication  : Running with Spring Boot v4.1.1, Spring v7.0.9
2026-09-10T17:44:23.305+05:30  INFO 2092 --- [zellpayment-api] [restartedMain] c.zellpayment.ZellpaymentApiApplication  : The following 1 profile is active: "uat"
2026-09-10T17:44:23.345+05:30  INFO 2092 --- [zellpayment-api] [restartedMain] .e.DevToolsPropertyDefaultsPostProcessor : Devtools property defaults active! Set 'spring.devtools.add-properties' to 'false' to disable
2026-09-10T17:44:23.345+05:30  INFO 2092 --- [zellpayment-api] [restartedMain] .e.DevToolsPropertyDefaultsPostProcessor : For additional web related logging consider setting the 'logging.level.web' property to 'DEBUG'
2026-09-10T17:44:24.158+05:30  INFO 2092 --- [zellpayment-api] [restartedMain] .s.d.r.c.RepositoryConfigurationDelegate : Multiple Spring Data modules found, entering strict repository configuration mode
2026-09-10T17:44:24.160+05:30  INFO 2092 --- [zellpayment-api] [restartedMain] .s.d.r.c.RepositoryConfigurationDelegate : Bootstrapping Spring Data JPA repositories in DEFAULT mode.
2026-09-10T17:44:24.175+05:30  INFO 2092 --- [zellpayment-api] [restartedMain] .s.d.r.c.RepositoryConfigurationDelegate : Finished Spring Data repository scanning in 8 ms. Found 0 JPA repository interfaces.
2026-09-10T17:44:24.201+05:30  INFO 2092 --- [zellpayment-api] [restartedMain] .s.d.r.c.RepositoryConfigurationDelegate : Multiple Spring Data modules found, entering strict repository configuration mode
2026-09-10T17:44:24.201+05:30  INFO 2092 --- [zellpayment-api] [restartedMain] .s.d.r.c.RepositoryConfigurationDelegate : Bootstrapping Spring Data MongoDB repositories in DEFAULT mode.
2026-09-10T17:44:24.203+05:30  INFO 2092 --- [zellpayment-api] [restartedMain] .s.d.r.c.RepositoryConfigurationDelegate : Finished Spring Data repository scanning in 1 ms. Found 0 MongoDB repository interfaces.
2026-09-10T17:44:24.650+05:30  INFO 2092 --- [zellpayment-api] [restartedMain] o.s.boot.tomcat.TomcatWebServer          : Tomcat initialized with port 9092 (http)
2026-09-10T17:44:24.680+05:30  INFO 2092 --- [zellpayment-api] [restartedMain] o.apache.catalina.core.StandardService   : Starting service [Tomcat]
2026-09-10T17:44:24.680+05:30  INFO 2092 --- [zellpayment-api] [restartedMain] o.apache.catalina.core.StandardEngine    : Starting Servlet engine: [Apache Tomcat/11.0.24]
2026-09-10T17:44:24.715+05:30  INFO 2092 --- [zellpayment-api] [restartedMain] b.w.c.s.WebApplicationContextInitializer : Root WebApplicationContext: initialization completed in 1369 ms
2026-09-10T17:44:24.864+05:30  WARN 2092 --- [zellpayment-api] [restartedMain] ConfigServletWebServerApplicationContext : Exception encountered during context initialization - cancelling refresh attempt: org.springframework.beans.factory.BeanCreationException: Error creating bean with name 'entityManagerFactory' defined in class path resource [org/springframework/boot/hibernate/autoconfigure/HibernateJpaConfiguration.class]: Failed to initialize dependency 'inMemoryDatabaseShutdownExecutor' of LoadTimeWeaverAware bean 'entityManagerFactory': Error creating bean with name 'inMemoryDatabaseShutdownExecutor' defined in class path resource [org/springframework/boot/devtools/autoconfigure/DevToolsDataSourceAutoConfiguration.class]: Unsatisfied dependency expressed through method 'inMemoryDatabaseShutdownExecutor' parameter 0: Error creating bean with name 'dataSource' defined in class path resource [org/springframework/boot/jdbc/autoconfigure/DataSourceConfiguration$Hikari.class]: Failed to instantiate [com.zaxxer.hikari.HikariDataSource]: Factory method 'dataSource' threw exception with message: Failed to determine a suitable driver class
2026-09-10T17:44:24.870+05:30  INFO 2092 --- [zellpayment-api] [restartedMain] o.apache.catalina.core.StandardService   : Stopping service [Tomcat]
2026-09-10T17:44:24.895+05:30  INFO 2092 --- [zellpayment-api] [restartedMain] .s.b.a.l.ConditionEvaluationReportLogger : 

Error starting ApplicationContext. To display the condition evaluation report re-run your application with 'debug' enabled.
2026-09-10T17:44:24.911+05:30 ERROR 2092 --- [zellpayment-api] [restartedMain] o.s.b.d.LoggingFailureAnalysisReporter   : 

***************************
APPLICATION FAILED TO START
***************************

Description:

Failed to configure a DataSource: 'url' attribute is not specified and no embedded datasource could be configured.

Reason: Failed to determine a suitable driver class


Action:

Consider the following:
	If you want an embedded database (H2, HSQL or Derby), please put it on the classpath.
	If you have database settings to be loaded from a particular profile you may need to activate it (the profiles uat are currently active).

2026-09-10T17:53:47.493+05:30  INFO 17096 --- [zellpayment-api] [restartedMain] c.zellpayment.ZellpaymentApiApplication  : Starting ZellpaymentApiApplication using Java 26.0.2.1 with PID 17096 (C:\Xworkz Internship\zellpayment-api\zellpayment-api\build\classes\java\main started by SHASHANK in C:\Xworkz Internship\zellpayment-api\zellpayment-api)
2026-09-10T17:53:47.495+05:30 DEBUG 17096 --- [zellpayment-api] [restartedMain] c.zellpayment.ZellpaymentApiApplication  : Running with Spring Boot v4.1.1, Spring v7.0.9
2026-09-10T17:53:47.496+05:30  INFO 17096 --- [zellpayment-api] [restartedMain] c.zellpayment.ZellpaymentApiApplication  : The following 1 profile is active: "uat"
2026-09-10T17:53:47.543+05:30  INFO 17096 --- [zellpayment-api] [restartedMain] .e.DevToolsPropertyDefaultsPostProcessor : Devtools property defaults active! Set 'spring.devtools.add-properties' to 'false' to disable
2026-09-10T17:53:47.544+05:30  INFO 17096 --- [zellpayment-api] [restartedMain] .e.DevToolsPropertyDefaultsPostProcessor : For additional web related logging consider setting the 'logging.level.web' property to 'DEBUG'
2026-09-10T17:53:48.330+05:30  INFO 17096 --- [zellpayment-api] [restartedMain] .s.d.r.c.RepositoryConfigurationDelegate : Multiple Spring Data modules found, entering strict repository configuration mode
2026-09-10T17:53:48.332+05:30  INFO 17096 --- [zellpayment-api] [restartedMain] .s.d.r.c.RepositoryConfigurationDelegate : Bootstrapping Spring Data JPA repositories in DEFAULT mode.
2026-09-10T17:53:48.351+05:30  INFO 17096 --- [zellpayment-api] [restartedMain] .s.d.r.c.RepositoryConfigurationDelegate : Finished Spring Data repository scanning in 9 ms. Found 0 JPA repository interfaces.
2026-09-10T17:53:48.382+05:30  INFO 17096 --- [zellpayment-api] [restartedMain] .s.d.r.c.RepositoryConfigurationDelegate : Multiple Spring Data modules found, entering strict repository configuration mode
2026-09-10T17:53:48.382+05:30  INFO 17096 --- [zellpayment-api] [restartedMain] .s.d.r.c.RepositoryConfigurationDelegate : Bootstrapping Spring Data MongoDB repositories in DEFAULT mode.
2026-09-10T17:53:48.385+05:30  INFO 17096 --- [zellpayment-api] [restartedMain] .s.d.r.c.RepositoryConfigurationDelegate : Finished Spring Data repository scanning in 1 ms. Found 0 MongoDB repository interfaces.
2026-09-10T17:53:48.851+05:30  INFO 17096 --- [zellpayment-api] [restartedMain] o.s.boot.tomcat.TomcatWebServer          : Tomcat initialized with port 9092 (http)
2026-09-10T17:53:48.873+05:30  INFO 17096 --- [zellpayment-api] [restartedMain] o.apache.catalina.core.StandardService   : Starting service [Tomcat]
2026-09-10T17:53:48.877+05:30  INFO 17096 --- [zellpayment-api] [restartedMain] o.apache.catalina.core.StandardEngine    : Starting Servlet engine: [Apache Tomcat/11.0.24]
2026-09-10T17:53:48.923+05:30  INFO 17096 --- [zellpayment-api] [restartedMain] b.w.c.s.WebApplicationContextInitializer : Root WebApplicationContext: initialization completed in 1379 ms
2026-09-10T17:53:49.045+05:30  WARN 17096 --- [zellpayment-api] [restartedMain] ConfigServletWebServerApplicationContext : Exception encountered during context initialization - cancelling refresh attempt: org.springframework.beans.factory.BeanCreationException: Error creating bean with name 'entityManagerFactory' defined in class path resource [org/springframework/boot/hibernate/autoconfigure/HibernateJpaConfiguration.class]: Failed to initialize dependency 'inMemoryDatabaseShutdownExecutor' of LoadTimeWeaverAware bean 'entityManagerFactory': Error creating bean with name 'inMemoryDatabaseShutdownExecutor' defined in class path resource [org/springframework/boot/devtools/autoconfigure/DevToolsDataSourceAutoConfiguration.class]: Unsatisfied dependency expressed through method 'inMemoryDatabaseShutdownExecutor' parameter 0: Error creating bean with name 'dataSource' defined in class path resource [org/springframework/boot/jdbc/autoconfigure/DataSourceConfiguration$Hikari.class]: Failed to instantiate [com.zaxxer.hikari.HikariDataSource]: Factory method 'dataSource' threw exception with message: Failed to determine a suitable driver class
2026-09-10T17:53:49.048+05:30  INFO 17096 --- [zellpayment-api] [restartedMain] o.apache.catalina.core.StandardService   : Stopping service [Tomcat]
2026-09-10T17:53:49.062+05:30  INFO 17096 --- [zellpayment-api] [restartedMain] .s.b.a.l.ConditionEvaluationReportLogger : 

Error starting ApplicationContext. To display the condition evaluation report re-run your application with 'debug' enabled.
2026-09-10T17:53:49.074+05:30 ERROR 17096 --- [zellpayment-api] [restartedMain] o.s.b.d.LoggingFailureAnalysisReporter   : 

***************************
APPLICATION FAILED TO START
***************************

Description:

Failed to configure a DataSource: 'url' attribute is not specified and no embedded datasource could be configured.

Reason: Failed to determine a suitable driver class


Action:

Consider the following:
	If you want an embedded database (H2, HSQL or Derby), please put it on the classpath.
	If you have database settings to be loaded from a particular profile you may need to activate it (the profiles uat are currently active).

2026-09-10T17:54:13.541+05:30  INFO 16708 --- [zellpayment-api] [restartedMain] c.zellpayment.ZellpaymentApiApplication  : Starting ZellpaymentApiApplication using Java 26.0.2.1 with PID 16708 (C:\Xworkz Internship\zellpayment-api\zellpayment-api\build\classes\java\main started by SHASHANK in C:\Xworkz Internship\zellpayment-api\zellpayment-api)
2026-09-10T17:54:13.543+05:30 DEBUG 16708 --- [zellpayment-api] [restartedMain] c.zellpayment.ZellpaymentApiApplication  : Running with Spring Boot v4.1.1, Spring v7.0.9
2026-09-10T17:54:13.544+05:30  INFO 16708 --- [zellpayment-api] [restartedMain] c.zellpayment.ZellpaymentApiApplication  : The following 1 profile is active: "uat"
2026-09-10T17:54:13.608+05:30  INFO 16708 --- [zellpayment-api] [restartedMain] .e.DevToolsPropertyDefaultsPostProcessor : Devtools property defaults active! Set 'spring.devtools.add-properties' to 'false' to disable
2026-09-10T17:54:13.608+05:30  INFO 16708 --- [zellpayment-api] [restartedMain] .e.DevToolsPropertyDefaultsPostProcessor : For additional web related logging consider setting the 'logging.level.web' property to 'DEBUG'
2026-09-10T17:54:14.392+05:30  INFO 16708 --- [zellpayment-api] [restartedMain] .s.d.r.c.RepositoryConfigurationDelegate : Multiple Spring Data modules found, entering strict repository configuration mode
2026-09-10T17:54:14.393+05:30  INFO 16708 --- [zellpayment-api] [restartedMain] .s.d.r.c.RepositoryConfigurationDelegate : Bootstrapping Spring Data JPA repositories in DEFAULT mode.
2026-09-10T17:54:14.409+05:30  INFO 16708 --- [zellpayment-api] [restartedMain] .s.d.r.c.RepositoryConfigurationDelegate : Finished Spring Data repository scanning in 8 ms. Found 0 JPA repository interfaces.
2026-09-10T17:54:14.435+05:30  INFO 16708 --- [zellpayment-api] [restartedMain] .s.d.r.c.RepositoryConfigurationDelegate : Multiple Spring Data modules found, entering strict repository configuration mode
2026-09-10T17:54:14.436+05:30  INFO 16708 --- [zellpayment-api] [restartedMain] .s.d.r.c.RepositoryConfigurationDelegate : Bootstrapping Spring Data MongoDB repositories in DEFAULT mode.
2026-09-10T17:54:14.438+05:30  INFO 16708 --- [zellpayment-api] [restartedMain] .s.d.r.c.RepositoryConfigurationDelegate : Finished Spring Data repository scanning in 1 ms. Found 0 MongoDB repository interfaces.
2026-09-10T17:54:15.032+05:30  INFO 16708 --- [zellpayment-api] [restartedMain] o.s.boot.tomcat.TomcatWebServer          : Tomcat initialized with port 9092 (http)
2026-09-10T17:54:15.050+05:30  INFO 16708 --- [zellpayment-api] [restartedMain] o.apache.catalina.core.StandardService   : Starting service [Tomcat]
2026-09-10T17:54:15.051+05:30  INFO 16708 --- [zellpayment-api] [restartedMain] o.apache.catalina.core.StandardEngine    : Starting Servlet engine: [Apache Tomcat/11.0.24]
2026-09-10T17:54:15.137+05:30  INFO 16708 --- [zellpayment-api] [restartedMain] b.w.c.s.WebApplicationContextInitializer : Root WebApplicationContext: initialization completed in 1529 ms
2026-09-10T17:54:15.303+05:30  WARN 16708 --- [zellpayment-api] [restartedMain] ConfigServletWebServerApplicationContext : Exception encountered during context initialization - cancelling refresh attempt: org.springframework.beans.factory.BeanCreationException: Error creating bean with name 'entityManagerFactory' defined in class path resource [org/springframework/boot/hibernate/autoconfigure/HibernateJpaConfiguration.class]: Failed to initialize dependency 'inMemoryDatabaseShutdownExecutor' of LoadTimeWeaverAware bean 'entityManagerFactory': Error creating bean with name 'inMemoryDatabaseShutdownExecutor' defined in class path resource [org/springframework/boot/devtools/autoconfigure/DevToolsDataSourceAutoConfiguration.class]: Unsatisfied dependency expressed through method 'inMemoryDatabaseShutdownExecutor' parameter 0: Error creating bean with name 'dataSource' defined in class path resource [org/springframework/boot/jdbc/autoconfigure/DataSourceConfiguration$Hikari.class]: Failed to instantiate [com.zaxxer.hikari.HikariDataSource]: Factory method 'dataSource' threw exception with message: Failed to determine a suitable driver class
2026-09-10T17:54:15.306+05:30  INFO 16708 --- [zellpayment-api] [restartedMain] o.apache.catalina.core.StandardService   : Stopping service [Tomcat]
2026-09-10T17:54:15.316+05:30  INFO 16708 --- [zellpayment-api] [restartedMain] .s.b.a.l.ConditionEvaluationReportLogger : 

Error starting ApplicationContext. To display the condition evaluation report re-run your application with 'debug' enabled.
2026-09-10T17:54:15.326+05:30 ERROR 16708 --- [zellpayment-api] [restartedMain] o.s.b.d.LoggingFailureAnalysisReporter   : 

***************************
APPLICATION FAILED TO START
***************************

Description:

Failed to configure a DataSource: 'url' attribute is not specified and no embedded datasource could be configured.

Reason: Failed to determine a suitable driver class


Action:

Consider the following:
	If you want an embedded database (H2, HSQL or Derby), please put it on the classpath.
	If you have database settings to be loaded from a particular profile you may need to activate it (the profiles uat are currently active).

2026-09-10T17:57:51.774+05:30  INFO 26852 --- [zellpayment-api] [restartedMain] c.zellpayment.ZellpaymentApiApplication  : Starting ZellpaymentApiApplication using Java 26.0.2.1 with PID 26852 (C:\Xworkz Internship\zellpayment-api\zellpayment-api\build\classes\java\main started by SHASHANK in C:\Xworkz Internship\zellpayment-api\zellpayment-api)
2026-09-10T17:57:51.776+05:30 DEBUG 26852 --- [zellpayment-api] [restartedMain] c.zellpayment.ZellpaymentApiApplication  : Running with Spring Boot v4.1.1, Spring v7.0.9
2026-09-10T17:57:51.776+05:30  INFO 26852 --- [zellpayment-api] [restartedMain] c.zellpayment.ZellpaymentApiApplication  : The following 1 profile is active: "uat"
2026-09-10T17:57:51.815+05:30  INFO 26852 --- [zellpayment-api] [restartedMain] .e.DevToolsPropertyDefaultsPostProcessor : Devtools property defaults active! Set 'spring.devtools.add-properties' to 'false' to disable
2026-09-10T17:57:51.815+05:30  INFO 26852 --- [zellpayment-api] [restartedMain] .e.DevToolsPropertyDefaultsPostProcessor : For additional web related logging consider setting the 'logging.level.web' property to 'DEBUG'
2026-09-10T17:57:52.623+05:30  INFO 26852 --- [zellpayment-api] [restartedMain] .s.d.r.c.RepositoryConfigurationDelegate : Multiple Spring Data modules found, entering strict repository configuration mode
2026-09-10T17:57:52.625+05:30  INFO 26852 --- [zellpayment-api] [restartedMain] .s.d.r.c.RepositoryConfigurationDelegate : Bootstrapping Spring Data JPA repositories in DEFAULT mode.
2026-09-10T17:57:52.649+05:30  INFO 26852 --- [zellpayment-api] [restartedMain] .s.d.r.c.RepositoryConfigurationDelegate : Finished Spring Data repository scanning in 13 ms. Found 0 JPA repository interfaces.
2026-09-10T17:57:52.686+05:30  INFO 26852 --- [zellpayment-api] [restartedMain] .s.d.r.c.RepositoryConfigurationDelegate : Multiple Spring Data modules found, entering strict repository configuration mode
2026-09-10T17:57:52.686+05:30  INFO 26852 --- [zellpayment-api] [restartedMain] .s.d.r.c.RepositoryConfigurationDelegate : Bootstrapping Spring Data MongoDB repositories in DEFAULT mode.
2026-09-10T17:57:52.688+05:30  INFO 26852 --- [zellpayment-api] [restartedMain] .s.d.r.c.RepositoryConfigurationDelegate : Finished Spring Data repository scanning in 0 ms. Found 0 MongoDB repository interfaces.
2026-09-10T17:57:53.173+05:30  INFO 26852 --- [zellpayment-api] [restartedMain] o.s.boot.tomcat.TomcatWebServer          : Tomcat initialized with port 9092 (http)
2026-09-10T17:57:53.196+05:30  INFO 26852 --- [zellpayment-api] [restartedMain] o.apache.catalina.core.StandardService   : Starting service [Tomcat]
2026-09-10T17:57:53.197+05:30  INFO 26852 --- [zellpayment-api] [restartedMain] o.apache.catalina.core.StandardEngine    : Starting Servlet engine: [Apache Tomcat/11.0.24]
2026-09-10T17:57:53.249+05:30  INFO 26852 --- [zellpayment-api] [restartedMain] b.w.c.s.WebApplicationContextInitializer : Root WebApplicationContext: initialization completed in 1433 ms
2026-09-10T17:57:53.351+05:30  WARN 26852 --- [zellpayment-api] [restartedMain] ConfigServletWebServerApplicationContext : Exception encountered during context initialization - cancelling refresh attempt: org.springframework.beans.factory.BeanCreationException: Error creating bean with name 'entityManagerFactory' defined in class path resource [org/springframework/boot/hibernate/autoconfigure/HibernateJpaConfiguration.class]: Failed to initialize dependency 'inMemoryDatabaseShutdownExecutor' of LoadTimeWeaverAware bean 'entityManagerFactory': Error creating bean with name 'inMemoryDatabaseShutdownExecutor' defined in class path resource [org/springframework/boot/devtools/autoconfigure/DevToolsDataSourceAutoConfiguration.class]: Unsatisfied dependency expressed through method 'inMemoryDatabaseShutdownExecutor' parameter 0: Error creating bean with name 'dataSource' defined in class path resource [org/springframework/boot/jdbc/autoconfigure/DataSourceConfiguration$Hikari.class]: Failed to instantiate [com.zaxxer.hikari.HikariDataSource]: Factory method 'dataSource' threw exception with message: Failed to determine a suitable driver class
2026-09-10T17:57:53.355+05:30  INFO 26852 --- [zellpayment-api] [restartedMain] o.apache.catalina.core.StandardService   : Stopping service [Tomcat]
2026-09-10T17:57:53.369+05:30  INFO 26852 --- [zellpayment-api] [restartedMain] .s.b.a.l.ConditionEvaluationReportLogger : 

Error starting ApplicationContext. To display the condition evaluation report re-run your application with 'debug' enabled.
2026-09-10T17:57:53.380+05:30 ERROR 26852 --- [zellpayment-api] [restartedMain] o.s.b.d.LoggingFailureAnalysisReporter   : 

***************************
APPLICATION FAILED TO START
***************************

Description:

Failed to configure a DataSource: 'url' attribute is not specified and no embedded datasource could be configured.

Reason: Failed to determine a suitable driver class


Action:

Consider the following:
	If you want an embedded database (H2, HSQL or Derby), please put it on the classpath.
	If you have database settings to be loaded from a particular profile you may need to activate it (the profiles uat are currently active).

2026-09-10T18:00:39.592+05:30  INFO 14980 --- [zellpayment-api] [restartedMain] c.zellpayment.ZellpaymentApiApplication  : Starting ZellpaymentApiApplication using Java 26.0.2.1 with PID 14980 (C:\Xworkz Internship\zellpayment-api\zellpayment-api\build\classes\java\main started by SHASHANK in C:\Xworkz Internship\zellpayment-api\zellpayment-api)
2026-09-10T18:00:39.594+05:30 DEBUG 14980 --- [zellpayment-api] [restartedMain] c.zellpayment.ZellpaymentApiApplication  : Running with Spring Boot v4.1.1, Spring v7.0.9
2026-09-10T18:00:39.594+05:30  INFO 14980 --- [zellpayment-api] [restartedMain] c.zellpayment.ZellpaymentApiApplication  : The following 1 profile is active: "uat"
2026-09-10T18:00:39.633+05:30  INFO 14980 --- [zellpayment-api] [restartedMain] .e.DevToolsPropertyDefaultsPostProcessor : Devtools property defaults active! Set 'spring.devtools.add-properties' to 'false' to disable
2026-09-10T18:00:39.633+05:30  INFO 14980 --- [zellpayment-api] [restartedMain] .e.DevToolsPropertyDefaultsPostProcessor : For additional web related logging consider setting the 'logging.level.web' property to 'DEBUG'
2026-09-10T18:00:40.667+05:30  INFO 14980 --- [zellpayment-api] [restartedMain] .s.d.r.c.RepositoryConfigurationDelegate : Multiple Spring Data modules found, entering strict repository configuration mode
2026-09-10T18:00:40.668+05:30  INFO 14980 --- [zellpayment-api] [restartedMain] .s.d.r.c.RepositoryConfigurationDelegate : Bootstrapping Spring Data JPA repositories in DEFAULT mode.
2026-09-10T18:00:40.685+05:30  INFO 14980 --- [zellpayment-api] [restartedMain] .s.d.r.c.RepositoryConfigurationDelegate : Finished Spring Data repository scanning in 8 ms. Found 0 JPA repository interfaces.
2026-09-10T18:00:40.710+05:30  INFO 14980 --- [zellpayment-api] [restartedMain] .s.d.r.c.RepositoryConfigurationDelegate : Multiple Spring Data modules found, entering strict repository configuration mode
2026-09-10T18:00:40.711+05:30  INFO 14980 --- [zellpayment-api] [restartedMain] .s.d.r.c.RepositoryConfigurationDelegate : Bootstrapping Spring Data MongoDB repositories in DEFAULT mode.
2026-09-10T18:00:40.713+05:30  INFO 14980 --- [zellpayment-api] [restartedMain] .s.d.r.c.RepositoryConfigurationDelegate : Finished Spring Data repository scanning in 1 ms. Found 0 MongoDB repository interfaces.
2026-09-10T18:00:41.128+05:30  INFO 14980 --- [zellpayment-api] [restartedMain] o.s.boot.tomcat.TomcatWebServer          : Tomcat initialized with port 9092 (http)
2026-09-10T18:00:41.148+05:30  INFO 14980 --- [zellpayment-api] [restartedMain] o.apache.catalina.core.StandardService   : Starting service [Tomcat]
2026-09-10T18:00:41.148+05:30  INFO 14980 --- [zellpayment-api] [restartedMain] o.apache.catalina.core.StandardEngine    : Starting Servlet engine: [Apache Tomcat/11.0.24]
2026-09-10T18:00:41.199+05:30  INFO 14980 --- [zellpayment-api] [restartedMain] b.w.c.s.WebApplicationContextInitializer : Root WebApplicationContext: initialization completed in 1566 ms
2026-09-10T18:00:41.302+05:30  WARN 14980 --- [zellpayment-api] [restartedMain] ConfigServletWebServerApplicationContext : Exception encountered during context initialization - cancelling refresh attempt: org.springframework.beans.factory.BeanCreationException: Error creating bean with name 'entityManagerFactory' defined in class path resource [org/springframework/boot/hibernate/autoconfigure/HibernateJpaConfiguration.class]: Failed to initialize dependency 'inMemoryDatabaseShutdownExecutor' of LoadTimeWeaverAware bean 'entityManagerFactory': Error creating bean with name 'inMemoryDatabaseShutdownExecutor' defined in class path resource [org/springframework/boot/devtools/autoconfigure/DevToolsDataSourceAutoConfiguration.class]: Unsatisfied dependency expressed through method 'inMemoryDatabaseShutdownExecutor' parameter 0: Error creating bean with name 'dataSource' defined in class path resource [org/springframework/boot/jdbc/autoconfigure/DataSourceConfiguration$Hikari.class]: Failed to instantiate [com.zaxxer.hikari.HikariDataSource]: Factory method 'dataSource' threw exception with message: Failed to load driver class oracle.jdbc.OracleDriver
2026-09-10T18:00:41.304+05:30  INFO 14980 --- [zellpayment-api] [restartedMain] o.apache.catalina.core.StandardService   : Stopping service [Tomcat]
2026-09-10T18:00:41.315+05:30  INFO 14980 --- [zellpayment-api] [restartedMain] .s.b.a.l.ConditionEvaluationReportLogger : 

Error starting ApplicationContext. To display the condition evaluation report re-run your application with 'debug' enabled.
2026-09-10T18:00:41.325+05:30 ERROR 14980 --- [zellpayment-api] [restartedMain] o.s.boot.SpringApplication               : Application run failed

org.springframework.beans.factory.BeanCreationException: Error creating bean with name 'entityManagerFactory' defined in class path resource [org/springframework/boot/hibernate/autoconfigure/HibernateJpaConfiguration.class]: Failed to initialize dependency 'inMemoryDatabaseShutdownExecutor' of LoadTimeWeaverAware bean 'entityManagerFactory': Error creating bean with name 'inMemoryDatabaseShutdownExecutor' defined in class path resource [org/springframework/boot/devtools/autoconfigure/DevToolsDataSourceAutoConfiguration.class]: Unsatisfied dependency expressed through method 'inMemoryDatabaseShutdownExecutor' parameter 0: Error creating bean with name 'dataSource' defined in class path resource [org/springframework/boot/jdbc/autoconfigure/DataSourceConfiguration$Hikari.class]: Failed to instantiate [com.zaxxer.hikari.HikariDataSource]: Factory method 'dataSource' threw exception with message: Failed to load driver class oracle.jdbc.OracleDriver
	at org.springframework.beans.factory.support.AbstractBeanFactory.doGetBean(AbstractBeanFactory.java:322) ~[spring-beans-7.0.9.jar:7.0.9]
	at org.springframework.beans.factory.support.AbstractBeanFactory.getBean(AbstractBeanFactory.java:201) ~[spring-beans-7.0.9.jar:7.0.9]
	at org.springframework.context.support.AbstractApplicationContext.finishBeanFactoryInitialization(AbstractApplicationContext.java:977) ~[spring-context-7.0.9.jar:7.0.9]
	at org.springframework.context.support.AbstractApplicationContext.refresh(AbstractApplicationContext.java:621) ~[spring-context-7.0.9.jar:7.0.9]
	at org.springframework.boot.web.server.servlet.context.ServletWebServerApplicationContext.refresh(ServletWebServerApplicationContext.java:143) ~[spring-boot-web-server-4.1.1.jar:4.1.1]
	at org.springframework.boot.SpringApplication.refresh(SpringApplication.java:756) ~[spring-boot-4.1.1.jar:4.1.1]
	at org.springframework.boot.SpringApplication.refreshContext(SpringApplication.java:445) ~[spring-boot-4.1.1.jar:4.1.1]
	at org.springframework.boot.SpringApplication.run(SpringApplication.java:321) ~[spring-boot-4.1.1.jar:4.1.1]
	at org.springframework.boot.SpringApplication.run(SpringApplication.java:1365) ~[spring-boot-4.1.1.jar:4.1.1]
	at org.springframework.boot.SpringApplication.run(SpringApplication.java:1354) ~[spring-boot-4.1.1.jar:4.1.1]
	at com.zellpayment.ZellpaymentApiApplication.main(ZellpaymentApiApplication.java:12) ~[main/:na]
	at java.base/jdk.internal.reflect.DirectMethodHandleAccessor.invoke(DirectMethodHandleAccessor.java:104) ~[na:na]
	at java.base/java.lang.reflect.Method.invoke(Method.java:565) ~[na:na]
	at org.springframework.boot.devtools.restart.RestartLauncher.run(RestartLauncher.java:52) ~[spring-boot-devtools-4.1.1.jar:4.1.1]
Caused by: org.springframework.beans.factory.UnsatisfiedDependencyException: Error creating bean with name 'inMemoryDatabaseShutdownExecutor' defined in class path resource [org/springframework/boot/devtools/autoconfigure/DevToolsDataSourceAutoConfiguration.class]: Unsatisfied dependency expressed through method 'inMemoryDatabaseShutdownExecutor' parameter 0: Error creating bean with name 'dataSource' defined in class path resource [org/springframework/boot/jdbc/autoconfigure/DataSourceConfiguration$Hikari.class]: Failed to instantiate [com.zaxxer.hikari.HikariDataSource]: Factory method 'dataSource' threw exception with message: Failed to load driver class oracle.jdbc.OracleDriver
	at org.springframework.beans.factory.support.ConstructorResolver.createArgumentArray(ConstructorResolver.java:804) ~[spring-beans-7.0.9.jar:7.0.9]
	at org.springframework.beans.factory.support.ConstructorResolver.instantiateUsingFactoryMethod(ConstructorResolver.java:546) ~[spring-beans-7.0.9.jar:7.0.9]
	at org.springframework.beans.factory.support.AbstractAutowireCapableBeanFactory.instantiateUsingFactoryMethod(AbstractAutowireCapableBeanFactory.java:1360) ~[spring-beans-7.0.9.jar:7.0.9]
	at org.springframework.beans.factory.support.AbstractAutowireCapableBeanFactory.createBeanInstance(AbstractAutowireCapableBeanFactory.java:1192) ~[spring-beans-7.0.9.jar:7.0.9]
	at org.springframework.beans.factory.support.AbstractAutowireCapableBeanFactory.doCreateBean(AbstractAutowireCapableBeanFactory.java:565) ~[spring-beans-7.0.9.jar:7.0.9]
	at org.springframework.beans.factory.support.AbstractAutowireCapableBeanFactory.createBean(AbstractAutowireCapableBeanFactory.java:525) ~[spring-beans-7.0.9.jar:7.0.9]
	at org.springframework.beans.factory.support.AbstractBeanFactory.lambda$doGetBean$0(AbstractBeanFactory.java:333) ~[spring-beans-7.0.9.jar:7.0.9]
	at org.springframework.beans.factory.support.DefaultSingletonBeanRegistry.getSingleton(DefaultSingletonBeanRegistry.java:371) ~[spring-beans-7.0.9.jar:7.0.9]
	at org.springframework.beans.factory.support.AbstractBeanFactory.doGetBean(AbstractBeanFactory.java:331) ~[spring-beans-7.0.9.jar:7.0.9]
	at org.springframework.beans.factory.support.AbstractBeanFactory.getBean(AbstractBeanFactory.java:196) ~[spring-beans-7.0.9.jar:7.0.9]
	at org.springframework.beans.factory.support.AbstractBeanFactory.doGetBean(AbstractBeanFactory.java:309) ~[spring-beans-7.0.9.jar:7.0.9]
	... 13 common frames omitted
Caused by: org.springframework.beans.factory.BeanCreationException: Error creating bean with name 'dataSource' defined in class path resource [org/springframework/boot/jdbc/autoconfigure/DataSourceConfiguration$Hikari.class]: Failed to instantiate [com.zaxxer.hikari.HikariDataSource]: Factory method 'dataSource' threw exception with message: Failed to load driver class oracle.jdbc.OracleDriver
	at org.springframework.beans.factory.support.ConstructorResolver.instantiate(ConstructorResolver.java:657) ~[spring-beans-7.0.9.jar:7.0.9]
	at org.springframework.beans.factory.support.ConstructorResolver.instantiateUsingFactoryMethod(ConstructorResolver.java:645) ~[spring-beans-7.0.9.jar:7.0.9]
	at org.springframework.beans.factory.support.AbstractAutowireCapableBeanFactory.instantiateUsingFactoryMethod(AbstractAutowireCapableBeanFactory.java:1360) ~[spring-beans-7.0.9.jar:7.0.9]
	at org.springframework.beans.factory.support.AbstractAutowireCapableBeanFactory.createBeanInstance(AbstractAutowireCapableBeanFactory.java:1192) ~[spring-beans-7.0.9.jar:7.0.9]
	at org.springframework.beans.factory.support.AbstractAutowireCapableBeanFactory.doCreateBean(AbstractAutowireCapableBeanFactory.java:565) ~[spring-beans-7.0.9.jar:7.0.9]
	at org.springframework.beans.factory.support.AbstractAutowireCapableBeanFactory.createBean(AbstractAutowireCapableBeanFactory.java:525) ~[spring-beans-7.0.9.jar:7.0.9]
	at org.springframework.beans.factory.support.AbstractBeanFactory.lambda$doGetBean$0(AbstractBeanFactory.java:333) ~[spring-beans-7.0.9.jar:7.0.9]
	at org.springframework.beans.factory.support.DefaultSingletonBeanRegistry.getSingleton(DefaultSingletonBeanRegistry.java:371) ~[spring-beans-7.0.9.jar:7.0.9]
	at org.springframework.beans.factory.support.AbstractBeanFactory.doGetBean(AbstractBeanFactory.java:331) ~[spring-beans-7.0.9.jar:7.0.9]
	at org.springframework.beans.factory.support.AbstractBeanFactory.getBean(AbstractBeanFactory.java:201) ~[spring-beans-7.0.9.jar:7.0.9]
	at org.springframework.beans.factory.support.DefaultListableBeanFactory.resolveBean(DefaultListableBeanFactory.java:1232) ~[spring-beans-7.0.9.jar:7.0.9]
	at org.springframework.beans.factory.support.DefaultListableBeanFactory.doResolveDependency(DefaultListableBeanFactory.java:1711) ~[spring-beans-7.0.9.jar:7.0.9]
	at org.springframework.beans.factory.support.DefaultListableBeanFactory.resolveDependency(DefaultListableBeanFactory.java:1658) ~[spring-beans-7.0.9.jar:7.0.9]
	at org.springframework.beans.factory.support.ConstructorResolver.resolveAutowiredArgument(ConstructorResolver.java:912) ~[spring-beans-7.0.9.jar:7.0.9]
	at org.springframework.beans.factory.support.ConstructorResolver.createArgumentArray(ConstructorResolver.java:791) ~[spring-beans-7.0.9.jar:7.0.9]
	... 23 common frames omitted
Caused by: org.springframework.beans.BeanInstantiationException: Failed to instantiate [com.zaxxer.hikari.HikariDataSource]: Factory method 'dataSource' threw exception with message: Failed to load driver class oracle.jdbc.OracleDriver
	at org.springframework.beans.factory.support.SimpleInstantiationStrategy.lambda$instantiate$0(SimpleInstantiationStrategy.java:183) ~[spring-beans-7.0.9.jar:7.0.9]
	at org.springframework.beans.factory.support.SimpleInstantiationStrategy.instantiateWithFactoryMethod(SimpleInstantiationStrategy.java:72) ~[spring-beans-7.0.9.jar:7.0.9]
	at org.springframework.beans.factory.support.SimpleInstantiationStrategy.instantiate(SimpleInstantiationStrategy.java:152) ~[spring-beans-7.0.9.jar:7.0.9]
	at org.springframework.beans.factory.support.ConstructorResolver.instantiate(ConstructorResolver.java:653) ~[spring-beans-7.0.9.jar:7.0.9]
	... 37 common frames omitted
Caused by: java.lang.RuntimeException: Failed to load driver class oracle.jdbc.OracleDriver
	at com.zaxxer.hikari.HikariConfig.setDriverClassName(HikariConfig.java:510) ~[HikariCP-7.0.2.jar:na]
	at org.springframework.boot.jdbc.DataSourceBuilder$MappedDataSourceProperty.set(DataSourceBuilder.java:479) ~[spring-boot-jdbc-4.1.1.jar:4.1.1]
	at org.springframework.boot.jdbc.DataSourceBuilder$MappedDataSourceProperties.set(DataSourceBuilder.java:368) ~[spring-boot-jdbc-4.1.1.jar:4.1.1]
	at org.springframework.boot.jdbc.DataSourceBuilder.build(DataSourceBuilder.java:188) ~[spring-boot-jdbc-4.1.1.jar:4.1.1]
	at org.springframework.boot.jdbc.autoconfigure.DataSourceConfiguration.createDataSource(DataSourceConfiguration.java:68) ~[spring-boot-jdbc-4.1.1.jar:4.1.1]
	at org.springframework.boot.jdbc.autoconfigure.DataSourceConfiguration$Hikari.dataSource(DataSourceConfiguration.java:128) ~[spring-boot-jdbc-4.1.1.jar:4.1.1]
	at java.base/jdk.internal.reflect.DirectMethodHandleAccessor.invoke(DirectMethodHandleAccessor.java:104) ~[na:na]
	at java.base/java.lang.reflect.Method.invoke(Method.java:565) ~[na:na]
	at org.springframework.beans.factory.support.SimpleInstantiationStrategy.lambda$instantiate$0(SimpleInstantiationStrategy.java:155) ~[spring-beans-7.0.9.jar:7.0.9]
	... 40 common frames omitted
Caused by: java.lang.RuntimeException: Failed to load class oracle.jdbc.OracleDriver
	at com.zaxxer.hikari.util.UtilityElf.createInstance(UtilityElf.java:155) ~[HikariCP-7.0.2.jar:na]
	at com.zaxxer.hikari.util.UtilityElf.createInstance(UtilityElf.java:105) ~[HikariCP-7.0.2.jar:na]
	at com.zaxxer.hikari.HikariConfig.setDriverClassName(HikariConfig.java:506) ~[HikariCP-7.0.2.jar:na]
	... 48 common frames omitted
Caused by: java.lang.ClassNotFoundException: oracle.jdbc.OracleDriver
	at java.base/jdk.internal.loader.BuiltinClassLoader.loadClass(BuiltinClassLoader.java:580) ~[na:na]
	at java.base/java.lang.ClassLoader.loadClass(ClassLoader.java:502) ~[na:na]
	at com.zaxxer.hikari.util.UtilityElf.createInstance(UtilityElf.java:127) ~[HikariCP-7.0.2.jar:na]
	... 50 common frames omitted

2026-09-10T18:02:59.459+05:30  INFO 28012 --- [zellpayment-api] [restartedMain] c.zellpayment.ZellpaymentApiApplication  : Starting ZellpaymentApiApplication using Java 26.0.2.1 with PID 28012 (C:\Xworkz Internship\zellpayment-api\zellpayment-api\build\classes\java\main started by SHASHANK in C:\Xworkz Internship\zellpayment-api\zellpayment-api)
2026-09-10T18:02:59.461+05:30 DEBUG 28012 --- [zellpayment-api] [restartedMain] c.zellpayment.ZellpaymentApiApplication  : Running with Spring Boot v4.1.1, Spring v7.0.9
2026-09-10T18:02:59.461+05:30  INFO 28012 --- [zellpayment-api] [restartedMain] c.zellpayment.ZellpaymentApiApplication  : The following 1 profile is active: "uat"
2026-09-10T18:02:59.502+05:30  INFO 28012 --- [zellpayment-api] [restartedMain] .e.DevToolsPropertyDefaultsPostProcessor : Devtools property defaults active! Set 'spring.devtools.add-properties' to 'false' to disable
2026-09-10T18:02:59.503+05:30  INFO 28012 --- [zellpayment-api] [restartedMain] .e.DevToolsPropertyDefaultsPostProcessor : For additional web related logging consider setting the 'logging.level.web' property to 'DEBUG'
2026-09-10T18:03:00.331+05:30  INFO 28012 --- [zellpayment-api] [restartedMain] .s.d.r.c.RepositoryConfigurationDelegate : Multiple Spring Data modules found, entering strict repository configuration mode
2026-09-10T18:03:00.332+05:30  INFO 28012 --- [zellpayment-api] [restartedMain] .s.d.r.c.RepositoryConfigurationDelegate : Bootstrapping Spring Data JPA repositories in DEFAULT mode.
2026-09-10T18:03:00.348+05:30  INFO 28012 --- [zellpayment-api] [restartedMain] .s.d.r.c.RepositoryConfigurationDelegate : Finished Spring Data repository scanning in 7 ms. Found 0 JPA repository interfaces.
2026-09-10T18:03:00.373+05:30  INFO 28012 --- [zellpayment-api] [restartedMain] .s.d.r.c.RepositoryConfigurationDelegate : Multiple Spring Data modules found, entering strict repository configuration mode
2026-09-10T18:03:00.373+05:30  INFO 28012 --- [zellpayment-api] [restartedMain] .s.d.r.c.RepositoryConfigurationDelegate : Bootstrapping Spring Data MongoDB repositories in DEFAULT mode.
2026-09-10T18:03:00.375+05:30  INFO 28012 --- [zellpayment-api] [restartedMain] .s.d.r.c.RepositoryConfigurationDelegate : Finished Spring Data repository scanning in 0 ms. Found 0 MongoDB repository interfaces.
2026-09-10T18:03:00.868+05:30  INFO 28012 --- [zellpayment-api] [restartedMain] o.s.boot.tomcat.TomcatWebServer          : Tomcat initialized with port 9092 (http)
2026-09-10T18:03:00.894+05:30  INFO 28012 --- [zellpayment-api] [restartedMain] o.apache.catalina.core.StandardService   : Starting service [Tomcat]
2026-09-10T18:03:00.894+05:30  INFO 28012 --- [zellpayment-api] [restartedMain] o.apache.catalina.core.StandardEngine    : Starting Servlet engine: [Apache Tomcat/11.0.24]
2026-09-10T18:03:00.933+05:30  INFO 28012 --- [zellpayment-api] [restartedMain] b.w.c.s.WebApplicationContextInitializer : Root WebApplicationContext: initialization completed in 1430 ms
2026-09-10T18:03:01.041+05:30  WARN 28012 --- [zellpayment-api] [restartedMain] ConfigServletWebServerApplicationContext : Exception encountered during context initialization - cancelling refresh attempt: org.springframework.beans.factory.BeanCreationException: Error creating bean with name 'entityManagerFactory' defined in class path resource [org/springframework/boot/hibernate/autoconfigure/HibernateJpaConfiguration.class]: Failed to initialize dependency 'inMemoryDatabaseShutdownExecutor' of LoadTimeWeaverAware bean 'entityManagerFactory': Error creating bean with name 'inMemoryDatabaseShutdownExecutor' defined in class path resource [org/springframework/boot/devtools/autoconfigure/DevToolsDataSourceAutoConfiguration.class]: Unsatisfied dependency expressed through method 'inMemoryDatabaseShutdownExecutor' parameter 0: Error creating bean with name 'dataSource' defined in class path resource [org/springframework/boot/jdbc/autoconfigure/DataSourceConfiguration$Hikari.class]: Failed to instantiate [com.zaxxer.hikari.HikariDataSource]: Factory method 'dataSource' threw exception with message: Failed to load driver class oracle.jdbc.OracleDriver
2026-09-10T18:03:01.043+05:30  INFO 28012 --- [zellpayment-api] [restartedMain] o.apache.catalina.core.StandardService   : Stopping service [Tomcat]
2026-09-10T18:03:01.054+05:30  INFO 28012 --- [zellpayment-api] [restartedMain] .s.b.a.l.ConditionEvaluationReportLogger : 

Error starting ApplicationContext. To display the condition evaluation report re-run your application with 'debug' enabled.
2026-09-10T18:03:01.064+05:30 ERROR 28012 --- [zellpayment-api] [restartedMain] o.s.boot.SpringApplication               : Application run failed

org.springframework.beans.factory.BeanCreationException: Error creating bean with name 'entityManagerFactory' defined in class path resource [org/springframework/boot/hibernate/autoconfigure/HibernateJpaConfiguration.class]: Failed to initialize dependency 'inMemoryDatabaseShutdownExecutor' of LoadTimeWeaverAware bean 'entityManagerFactory': Error creating bean with name 'inMemoryDatabaseShutdownExecutor' defined in class path resource [org/springframework/boot/devtools/autoconfigure/DevToolsDataSourceAutoConfiguration.class]: Unsatisfied dependency expressed through method 'inMemoryDatabaseShutdownExecutor' parameter 0: Error creating bean with name 'dataSource' defined in class path resource [org/springframework/boot/jdbc/autoconfigure/DataSourceConfiguration$Hikari.class]: Failed to instantiate [com.zaxxer.hikari.HikariDataSource]: Factory method 'dataSource' threw exception with message: Failed to load driver class oracle.jdbc.OracleDriver
	at org.springframework.beans.factory.support.AbstractBeanFactory.doGetBean(AbstractBeanFactory.java:322) ~[spring-beans-7.0.9.jar:7.0.9]
	at org.springframework.beans.factory.support.AbstractBeanFactory.getBean(AbstractBeanFactory.java:201) ~[spring-beans-7.0.9.jar:7.0.9]
	at org.springframework.context.support.AbstractApplicationContext.finishBeanFactoryInitialization(AbstractApplicationContext.java:977) ~[spring-context-7.0.9.jar:7.0.9]
	at org.springframework.context.support.AbstractApplicationContext.refresh(AbstractApplicationContext.java:621) ~[spring-context-7.0.9.jar:7.0.9]
	at org.springframework.boot.web.server.servlet.context.ServletWebServerApplicationContext.refresh(ServletWebServerApplicationContext.java:143) ~[spring-boot-web-server-4.1.1.jar:4.1.1]
	at org.springframework.boot.SpringApplication.refresh(SpringApplication.java:756) ~[spring-boot-4.1.1.jar:4.1.1]
	at org.springframework.boot.SpringApplication.refreshContext(SpringApplication.java:445) ~[spring-boot-4.1.1.jar:4.1.1]
	at org.springframework.boot.SpringApplication.run(SpringApplication.java:321) ~[spring-boot-4.1.1.jar:4.1.1]
	at org.springframework.boot.SpringApplication.run(SpringApplication.java:1365) ~[spring-boot-4.1.1.jar:4.1.1]
	at org.springframework.boot.SpringApplication.run(SpringApplication.java:1354) ~[spring-boot-4.1.1.jar:4.1.1]
	at com.zellpayment.ZellpaymentApiApplication.main(ZellpaymentApiApplication.java:12) ~[main/:na]
	at java.base/jdk.internal.reflect.DirectMethodHandleAccessor.invoke(DirectMethodHandleAccessor.java:104) ~[na:na]
	at java.base/java.lang.reflect.Method.invoke(Method.java:565) ~[na:na]
	at org.springframework.boot.devtools.restart.RestartLauncher.run(RestartLauncher.java:52) ~[spring-boot-devtools-4.1.1.jar:4.1.1]
Caused by: org.springframework.beans.factory.UnsatisfiedDependencyException: Error creating bean with name 'inMemoryDatabaseShutdownExecutor' defined in class path resource [org/springframework/boot/devtools/autoconfigure/DevToolsDataSourceAutoConfiguration.class]: Unsatisfied dependency expressed through method 'inMemoryDatabaseShutdownExecutor' parameter 0: Error creating bean with name 'dataSource' defined in class path resource [org/springframework/boot/jdbc/autoconfigure/DataSourceConfiguration$Hikari.class]: Failed to instantiate [com.zaxxer.hikari.HikariDataSource]: Factory method 'dataSource' threw exception with message: Failed to load driver class oracle.jdbc.OracleDriver
	at org.springframework.beans.factory.support.ConstructorResolver.createArgumentArray(ConstructorResolver.java:804) ~[spring-beans-7.0.9.jar:7.0.9]
	at org.springframework.beans.factory.support.ConstructorResolver.instantiateUsingFactoryMethod(ConstructorResolver.java:546) ~[spring-beans-7.0.9.jar:7.0.9]
	at org.springframework.beans.factory.support.AbstractAutowireCapableBeanFactory.instantiateUsingFactoryMethod(AbstractAutowireCapableBeanFactory.java:1360) ~[spring-beans-7.0.9.jar:7.0.9]
	at org.springframework.beans.factory.support.AbstractAutowireCapableBeanFactory.createBeanInstance(AbstractAutowireCapableBeanFactory.java:1192) ~[spring-beans-7.0.9.jar:7.0.9]
	at org.springframework.beans.factory.support.AbstractAutowireCapableBeanFactory.doCreateBean(AbstractAutowireCapableBeanFactory.java:565) ~[spring-beans-7.0.9.jar:7.0.9]
	at org.springframework.beans.factory.support.AbstractAutowireCapableBeanFactory.createBean(AbstractAutowireCapableBeanFactory.java:525) ~[spring-beans-7.0.9.jar:7.0.9]
	at org.springframework.beans.factory.support.AbstractBeanFactory.lambda$doGetBean$0(AbstractBeanFactory.java:333) ~[spring-beans-7.0.9.jar:7.0.9]
	at org.springframework.beans.factory.support.DefaultSingletonBeanRegistry.getSingleton(DefaultSingletonBeanRegistry.java:371) ~[spring-beans-7.0.9.jar:7.0.9]
	at org.springframework.beans.factory.support.AbstractBeanFactory.doGetBean(AbstractBeanFactory.java:331) ~[spring-beans-7.0.9.jar:7.0.9]
	at org.springframework.beans.factory.support.AbstractBeanFactory.getBean(AbstractBeanFactory.java:196) ~[spring-beans-7.0.9.jar:7.0.9]
	at org.springframework.beans.factory.support.AbstractBeanFactory.doGetBean(AbstractBeanFactory.java:309) ~[spring-beans-7.0.9.jar:7.0.9]
	... 13 common frames omitted
Caused by: org.springframework.beans.factory.BeanCreationException: Error creating bean with name 'dataSource' defined in class path resource [org/springframework/boot/jdbc/autoconfigure/DataSourceConfiguration$Hikari.class]: Failed to instantiate [com.zaxxer.hikari.HikariDataSource]: Factory method 'dataSource' threw exception with message: Failed to load driver class oracle.jdbc.OracleDriver
	at org.springframework.beans.factory.support.ConstructorResolver.instantiate(ConstructorResolver.java:657) ~[spring-beans-7.0.9.jar:7.0.9]
	at org.springframework.beans.factory.support.ConstructorResolver.instantiateUsingFactoryMethod(ConstructorResolver.java:645) ~[spring-beans-7.0.9.jar:7.0.9]
	at org.springframework.beans.factory.support.AbstractAutowireCapableBeanFactory.instantiateUsingFactoryMethod(AbstractAutowireCapableBeanFactory.java:1360) ~[spring-beans-7.0.9.jar:7.0.9]
	at org.springframework.beans.factory.support.AbstractAutowireCapableBeanFactory.createBeanInstance(AbstractAutowireCapableBeanFactory.java:1192) ~[spring-beans-7.0.9.jar:7.0.9]
	at org.springframework.beans.factory.support.AbstractAutowireCapableBeanFactory.doCreateBean(AbstractAutowireCapableBeanFactory.java:565) ~[spring-beans-7.0.9.jar:7.0.9]
	at org.springframework.beans.factory.support.AbstractAutowireCapableBeanFactory.createBean(AbstractAutowireCapableBeanFactory.java:525) ~[spring-beans-7.0.9.jar:7.0.9]
	at org.springframework.beans.factory.support.AbstractBeanFactory.lambda$doGetBean$0(AbstractBeanFactory.java:333) ~[spring-beans-7.0.9.jar:7.0.9]
	at org.springframework.beans.factory.support.DefaultSingletonBeanRegistry.getSingleton(DefaultSingletonBeanRegistry.java:371) ~[spring-beans-7.0.9.jar:7.0.9]
	at org.springframework.beans.factory.support.AbstractBeanFactory.doGetBean(AbstractBeanFactory.java:331) ~[spring-beans-7.0.9.jar:7.0.9]
	at org.springframework.beans.factory.support.AbstractBeanFactory.getBean(AbstractBeanFactory.java:201) ~[spring-beans-7.0.9.jar:7.0.9]
	at org.springframework.beans.factory.support.DefaultListableBeanFactory.resolveBean(DefaultListableBeanFactory.java:1232) ~[spring-beans-7.0.9.jar:7.0.9]
	at org.springframework.beans.factory.support.DefaultListableBeanFactory.doResolveDependency(DefaultListableBeanFactory.java:1711) ~[spring-beans-7.0.9.jar:7.0.9]
	at org.springframework.beans.factory.support.DefaultListableBeanFactory.resolveDependency(DefaultListableBeanFactory.java:1658) ~[spring-beans-7.0.9.jar:7.0.9]
	at org.springframework.beans.factory.support.ConstructorResolver.resolveAutowiredArgument(ConstructorResolver.java:912) ~[spring-beans-7.0.9.jar:7.0.9]
	at org.springframework.beans.factory.support.ConstructorResolver.createArgumentArray(ConstructorResolver.java:791) ~[spring-beans-7.0.9.jar:7.0.9]
	... 23 common frames omitted
Caused by: org.springframework.beans.BeanInstantiationException: Failed to instantiate [com.zaxxer.hikari.HikariDataSource]: Factory method 'dataSource' threw exception with message: Failed to load driver class oracle.jdbc.OracleDriver
	at org.springframework.beans.factory.support.SimpleInstantiationStrategy.lambda$instantiate$0(SimpleInstantiationStrategy.java:183) ~[spring-beans-7.0.9.jar:7.0.9]
	at org.springframework.beans.factory.support.SimpleInstantiationStrategy.instantiateWithFactoryMethod(SimpleInstantiationStrategy.java:72) ~[spring-beans-7.0.9.jar:7.0.9]
	at org.springframework.beans.factory.support.SimpleInstantiationStrategy.instantiate(SimpleInstantiationStrategy.java:152) ~[spring-beans-7.0.9.jar:7.0.9]
	at org.springframework.beans.factory.support.ConstructorResolver.instantiate(ConstructorResolver.java:653) ~[spring-beans-7.0.9.jar:7.0.9]
	... 37 common frames omitted
Caused by: java.lang.RuntimeException: Failed to load driver class oracle.jdbc.OracleDriver
	at com.zaxxer.hikari.HikariConfig.setDriverClassName(HikariConfig.java:510) ~[HikariCP-7.0.2.jar:na]
	at org.springframework.boot.jdbc.DataSourceBuilder$MappedDataSourceProperty.set(DataSourceBuilder.java:479) ~[spring-boot-jdbc-4.1.1.jar:4.1.1]
	at org.springframework.boot.jdbc.DataSourceBuilder$MappedDataSourceProperties.set(DataSourceBuilder.java:368) ~[spring-boot-jdbc-4.1.1.jar:4.1.1]
	at org.springframework.boot.jdbc.DataSourceBuilder.build(DataSourceBuilder.java:188) ~[spring-boot-jdbc-4.1.1.jar:4.1.1]
	at org.springframework.boot.jdbc.autoconfigure.DataSourceConfiguration.createDataSource(DataSourceConfiguration.java:68) ~[spring-boot-jdbc-4.1.1.jar:4.1.1]
	at org.springframework.boot.jdbc.autoconfigure.DataSourceConfiguration$Hikari.dataSource(DataSourceConfiguration.java:128) ~[spring-boot-jdbc-4.1.1.jar:4.1.1]
	at java.base/jdk.internal.reflect.DirectMethodHandleAccessor.invoke(DirectMethodHandleAccessor.java:104) ~[na:na]
	at java.base/java.lang.reflect.Method.invoke(Method.java:565) ~[na:na]
	at org.springframework.beans.factory.support.SimpleInstantiationStrategy.lambda$instantiate$0(SimpleInstantiationStrategy.java:155) ~[spring-beans-7.0.9.jar:7.0.9]
	... 40 common frames omitted
Caused by: java.lang.RuntimeException: Failed to load class oracle.jdbc.OracleDriver
	at com.zaxxer.hikari.util.UtilityElf.createInstance(UtilityElf.java:155) ~[HikariCP-7.0.2.jar:na]
	at com.zaxxer.hikari.util.UtilityElf.createInstance(UtilityElf.java:105) ~[HikariCP-7.0.2.jar:na]
	at com.zaxxer.hikari.HikariConfig.setDriverClassName(HikariConfig.java:506) ~[HikariCP-7.0.2.jar:na]
	... 48 common frames omitted
Caused by: java.lang.ClassNotFoundException: oracle.jdbc.OracleDriver
	at java.base/jdk.internal.loader.BuiltinClassLoader.loadClass(BuiltinClassLoader.java:580) ~[na:na]
	at java.base/java.lang.ClassLoader.loadClass(ClassLoader.java:502) ~[na:na]
	at com.zaxxer.hikari.util.UtilityElf.createInstance(UtilityElf.java:127) ~[HikariCP-7.0.2.jar:na]
	... 50 common frames omitted

2026-09-10T18:03:59.754+05:30  INFO 27756 --- [zellpayment-api] [restartedMain] c.zellpayment.ZellpaymentApiApplication  : Starting ZellpaymentApiApplication using Java 24.0.1 with PID 27756 (C:\Xworkz Internship\zellpayment-api\zellpayment-api\build\classes\java\main started by SHASHANK in C:\Xworkz Internship\zellpayment-api\zellpayment-api)
2026-09-10T18:03:59.757+05:30 DEBUG 27756 --- [zellpayment-api] [restartedMain] c.zellpayment.ZellpaymentApiApplication  : Running with Spring Boot v4.1.0, Spring v7.0.8
2026-09-10T18:03:59.757+05:30  INFO 27756 --- [zellpayment-api] [restartedMain] c.zellpayment.ZellpaymentApiApplication  : The following 1 profile is active: "uat"
2026-09-10T18:03:59.810+05:30  INFO 27756 --- [zellpayment-api] [restartedMain] o.s.b.devtools.restart.ChangeableUrls    : The Class-Path manifest attribute in C:\Users\SHASHANK\.gradle\caches\modules-2\files-2.1\com.oracle.database.jdbc\ojdbc11\23.26.2.0.0\2462b603e435c9a2707f41a1896e5b5be6f36520\ojdbc11-23.26.2.0.0.jar referenced one or more files that do not exist: file:/C:/Users/SHASHANK/.gradle/caches/modules-2/files-2.1/com.oracle.database.jdbc/ojdbc11/23.26.2.0.0/2462b603e435c9a2707f41a1896e5b5be6f36520/oraclepki.jar
2026-09-10T18:03:59.810+05:30  INFO 27756 --- [zellpayment-api] [restartedMain] .e.DevToolsPropertyDefaultsPostProcessor : Devtools property defaults active! Set 'spring.devtools.add-properties' to 'false' to disable
2026-09-10T18:03:59.811+05:30  INFO 27756 --- [zellpayment-api] [restartedMain] .e.DevToolsPropertyDefaultsPostProcessor : For additional web related logging consider setting the 'logging.level.web' property to 'DEBUG'
2026-09-10T18:04:00.693+05:30  INFO 27756 --- [zellpayment-api] [restartedMain] .s.d.r.c.RepositoryConfigurationDelegate : Multiple Spring Data modules found, entering strict repository configuration mode
2026-09-10T18:04:00.694+05:30  INFO 27756 --- [zellpayment-api] [restartedMain] .s.d.r.c.RepositoryConfigurationDelegate : Bootstrapping Spring Data JPA repositories in DEFAULT mode.
2026-09-10T18:04:00.715+05:30  INFO 27756 --- [zellpayment-api] [restartedMain] .s.d.r.c.RepositoryConfigurationDelegate : Finished Spring Data repository scanning in 12 ms. Found 0 JPA repository interfaces.
2026-09-10T18:04:00.750+05:30  INFO 27756 --- [zellpayment-api] [restartedMain] .s.d.r.c.RepositoryConfigurationDelegate : Multiple Spring Data modules found, entering strict repository configuration mode
2026-09-10T18:04:00.750+05:30  INFO 27756 --- [zellpayment-api] [restartedMain] .s.d.r.c.RepositoryConfigurationDelegate : Bootstrapping Spring Data MongoDB repositories in DEFAULT mode.
2026-09-10T18:04:00.755+05:30  INFO 27756 --- [zellpayment-api] [restartedMain] .s.d.r.c.RepositoryConfigurationDelegate : Finished Spring Data repository scanning in 2 ms. Found 0 MongoDB repository interfaces.
2026-09-10T18:04:01.331+05:30  INFO 27756 --- [zellpayment-api] [restartedMain] o.s.boot.tomcat.TomcatWebServer          : Tomcat initialized with port 9092 (http)
2026-09-10T18:04:01.346+05:30  INFO 27756 --- [zellpayment-api] [restartedMain] o.apache.catalina.core.StandardService   : Starting service [Tomcat]
2026-09-10T18:04:01.347+05:30  INFO 27756 --- [zellpayment-api] [restartedMain] o.apache.catalina.core.StandardEngine    : Starting Servlet engine: [Apache Tomcat/11.0.22]
2026-09-10T18:04:01.386+05:30  INFO 27756 --- [zellpayment-api] [restartedMain] b.w.c.s.WebApplicationContextInitializer : Root WebApplicationContext: initialization completed in 1575 ms
2026-09-10T18:04:01.747+05:30  INFO 27756 --- [zellpayment-api] [restartedMain] com.zaxxer.hikari.HikariDataSource       : HikariPool-1 - Starting...
2026-09-10T18:04:02.137+05:30  INFO 27756 --- [zellpayment-api] [restartedMain] com.zaxxer.hikari.pool.HikariPool        : HikariPool-1 - Added connection oracle.jdbc.driver.T4CConnection@3dc64859
2026-09-10T18:04:02.139+05:30  INFO 27756 --- [zellpayment-api] [restartedMain] com.zaxxer.hikari.HikariDataSource       : HikariPool-1 - Start completed.
2026-09-10T18:04:02.172+05:30  INFO 27756 --- [zellpayment-api] [restartedMain] org.hibernate.orm.jpa                    : HHH008540: Processing PersistenceUnitInfo [name: default]
2026-09-10T18:04:02.220+05:30  INFO 27756 --- [zellpayment-api] [restartedMain] org.hibernate.orm.core                   : HHH000001: Hibernate ORM core version 7.4.1.Final
2026-09-10T18:04:02.702+05:30  INFO 27756 --- [zellpayment-api] [restartedMain] o.s.o.j.p.SpringPersistenceUnitInfo      : No LoadTimeWeaver setup: ignoring JPA class transformer
2026-09-10T18:04:02.941+05:30  WARN 27756 --- [zellpayment-api] [restartedMain] org.hibernate.orm.core                   : HHH000511: The 11.2.0 version for [org.hibernate.dialect.OracleDialect] is no longer supported, hence certain features may not work properly.The minimum supported version is 19.0.0. Check the community dialects project for available legacy versions.
2026-09-10T18:04:02.966+05:30  WARN 27756 --- [zellpayment-api] [restartedMain] org.hibernate.orm.jdbc                   : HHH100123: Low default JDBC fetch size: 10 (consider setting 'hibernate.jdbc.fetch_size')
2026-09-10T18:04:02.970+05:30  INFO 27756 --- [zellpayment-api] [restartedMain] org.hibernate.orm.connections.pooling    : HHH10001005: Database info:
	Database JDBC URL [jdbc:oracle:thin:@localhost:1521:xe]
	Database driver: Oracle JDBC driver
	Database dialect: OracleDialect
	Database version: 11.2
	Default catalog/schema: undefined/SYSTEM
	Autocommit mode: undefined/unknown
	Isolation level: READ_COMMITTED [default READ_COMMITTED]
	JDBC fetch size: 10
	Pool: DataSourceConnectionProvider
	Minimum pool size: undefined/unknown
	Maximum pool size: undefined/unknown
2026-09-10T18:04:03.357+05:30  INFO 27756 --- [zellpayment-api] [restartedMain] org.hibernate.orm.core                   : HHH000489: No JTA platform available (set 'hibernate.transaction.jta.platform' to enable JTA platform integration)
2026-09-10T18:04:03.365+05:30  INFO 27756 --- [zellpayment-api] [restartedMain] j.LocalContainerEntityManagerFactoryBean : Initialized JPA EntityManagerFactory for persistence unit 'default'
2026-09-10T18:04:03.415+05:30  WARN 27756 --- [zellpayment-api] [restartedMain] JpaBaseConfiguration$JpaWebConfiguration : spring.jpa.open-in-view is enabled by default. Therefore, database queries may be performed during view rendering. Explicitly configure spring.jpa.open-in-view to disable this warning
2026-09-10T18:04:03.791+05:30  INFO 27756 --- [zellpayment-api] [restartedMain] org.mongodb.driver.client                : MongoClient with metadata {"driver": {"name": "mongo-java-driver|spring-boot|sync", "version": "5.8.0"}, "os": {"type": "Windows", "name": "Windows 11", "architecture": "amd64", "version": "10.0"}, "platform": "Java/Oracle Corporation/24.0.1+9-30"} created with settings MongoClientSettings{readPreference=primary, writeConcern=WriteConcern{w=null, wTimeout=null ms, journal=null}, retryWrites=true, retryReads=true, readConcern=ReadConcern{level=null}, credential=null, transportSettings=null, commandListeners=[io.micrometer.core.instrument.binder.mongodb.MongoMetricsCommandListener@410e5002], codecRegistry=ProvidersCodecRegistry{codecProviders=[ValueCodecProvider{}, BsonValueCodecProvider{}, DBRefCodecProvider{}, DBObjectCodecProvider{}, DocumentCodecProvider{}, CollectionCodecProvider{}, IterableCodecProvider{}, MapCodecProvider{}, GeoJsonCodecProvider{}, GridFSFileCodecProvider{}, Jsr310CodecProvider{}, JsonObjectCodecProvider{}, BsonCodecProvider{}, com.mongodb.client.model.mql.ExpressionCodecProvider@4a38265e, com.mongodb.Jep395RecordCodecProvider@6e2d435f, com.mongodb.KotlinCodecProvider@1680414e, EnumCodecProvider{}]}, loggerSettings=LoggerSettings{maxDocumentLength=1000}, clusterSettings={hosts=[localhost:27017], srvServiceName=mongodb, mode=SINGLE, requiredClusterType=UNKNOWN, requiredReplicaSetName='null', serverSelector='null', clusterListeners='[]', serverSelectionTimeout='30000 ms', localThreshold='15 ms'}, socketSettings=SocketSettings{connectTimeoutMS=10000, readTimeoutMS=0, receiveBufferSize=0, proxySettings=ProxySettings{host=null, port=null, username=null, password=null}}, heartbeatSocketSettings=SocketSettings{connectTimeoutMS=10000, readTimeoutMS=10000, receiveBufferSize=0, proxySettings=ProxySettings{host=null, port=null, username=null, password=null}}, connectionPoolSettings=ConnectionPoolSettings{maxSize=100, minSize=0, maxWaitTimeMS=120000, maxConnectionLifeTimeMS=0, maxConnectionIdleTimeMS=0, maintenanceInitialDelayMS=0, maintenanceFrequencyMS=60000, connectionPoolListeners=[io.micrometer.core.instrument.binder.mongodb.MongoMetricsConnectionPoolListener@6a83af59], maxConnecting=2}, serverSettings=ServerSettings{heartbeatFrequencyMS=10000, minHeartbeatFrequencyMS=500, serverMonitoringMode=AUTO, serverListeners='[]', serverMonitorListeners='[]'}, sslSettings=SslSettings{enabled=false, invalidHostNameAllowed=false, context=null}, applicationName='null', compressorList=[], uuidRepresentation=UNSPECIFIED, serverApi=null, autoEncryptionSettings=null, dnsClient=null, inetAddressResolver=null, contextProvider=null, timeoutMS=null}
2026-09-10T18:04:03.812+05:30  INFO 27756 --- [zellpayment-api] [cluster-6aa2a3bbd931584ed4cef016-localhost:27017] org.mongodb.driver.cluster               : Monitor thread successfully connected to server with description ServerDescription{address=localhost:27017, type=STANDALONE, cryptd=false, state=CONNECTED, ok=true, minWireVersion=0, maxWireVersion=28, maxDocumentSize=16777216, logicalSessionTimeoutMinutes=30, roundTripTimeNanos=27751100, minRoundTripTimeNanos=0}
2026-09-10T18:04:04.084+05:30  INFO 27756 --- [zellpayment-api] [restartedMain] o.s.b.a.e.web.EndpointLinksResolver      : Exposing 1 endpoint beneath base path '/actuator'
2026-09-10T18:04:04.146+05:30  INFO 27756 --- [zellpayment-api] [restartedMain] o.s.boot.tomcat.TomcatWebServer          : Tomcat started on port 9092 (http) with context path '/'
2026-09-10T18:04:04.154+05:30  INFO 27756 --- [zellpayment-api] [restartedMain] c.zellpayment.ZellpaymentApiApplication  : Started ZellpaymentApiApplication in 4.982 seconds (process running for 5.515)
2026-09-10T18:04:04.159+05:30  INFO 27756 --- [zellpayment-api] [restartedMain] c.zellpayment.ZellpaymentApiApplication  : ZellpaymentApiApplication started
2026-09-10T18:05:40.856+05:30  INFO 27756 --- [zellpayment-api] [SpringApplicationShutdownHook] o.s.boot.tomcat.GracefulShutdown         : Commencing graceful shutdown. Waiting for active requests to complete
2026-09-10T18:05:40.861+05:30  INFO 27756 --- [zellpayment-api] [tomcat-shutdown] o.s.boot.tomcat.GracefulShutdown         : Graceful shutdown complete
2026-09-10T18:05:40.875+05:30  INFO 27756 --- [zellpayment-api] [SpringApplicationShutdownHook] j.LocalContainerEntityManagerFactoryBean : Closing JPA EntityManagerFactory for persistence unit 'default'
2026-09-10T18:05:40.878+05:30  INFO 27756 --- [zellpayment-api] [SpringApplicationShutdownHook] com.zaxxer.hikari.HikariDataSource       : HikariPool-1 - Shutdown initiated...
2026-09-10T18:05:40.886+05:30  INFO 27756 --- [zellpayment-api] [SpringApplicationShutdownHook] com.zaxxer.hikari.HikariDataSource       : HikariPool-1 - Shutdown completed.
2026-09-10T18:05:44.509+05:30  INFO 7780 --- [zellpayment-api] [restartedMain] c.zellpayment.ZellpaymentApiApplication  : Starting ZellpaymentApiApplication using Java 26.0.2.1 with PID 7780 (C:\Xworkz Internship\zellpayment-api\zellpayment-api\build\classes\java\main started by SHASHANK in C:\Xworkz Internship\zellpayment-api\zellpayment-api)
2026-09-10T18:05:44.510+05:30 DEBUG 7780 --- [zellpayment-api] [restartedMain] c.zellpayment.ZellpaymentApiApplication  : Running with Spring Boot v4.1.0, Spring v7.0.8
2026-09-10T18:05:44.511+05:30  INFO 7780 --- [zellpayment-api] [restartedMain] c.zellpayment.ZellpaymentApiApplication  : The following 1 profile is active: "uat"
2026-09-10T18:05:44.558+05:30  INFO 7780 --- [zellpayment-api] [restartedMain] o.s.b.devtools.restart.ChangeableUrls    : The Class-Path manifest attribute in C:\Users\SHASHANK\.gradle\caches\modules-2\files-2.1\com.oracle.database.jdbc\ojdbc11\23.26.2.0.0\2462b603e435c9a2707f41a1896e5b5be6f36520\ojdbc11-23.26.2.0.0.jar referenced one or more files that do not exist: file:/C:/Users/SHASHANK/.gradle/caches/modules-2/files-2.1/com.oracle.database.jdbc/ojdbc11/23.26.2.0.0/2462b603e435c9a2707f41a1896e5b5be6f36520/oraclepki.jar
2026-09-10T18:05:44.559+05:30  INFO 7780 --- [zellpayment-api] [restartedMain] .e.DevToolsPropertyDefaultsPostProcessor : Devtools property defaults active! Set 'spring.devtools.add-properties' to 'false' to disable
2026-09-10T18:05:44.559+05:30  INFO 7780 --- [zellpayment-api] [restartedMain] .e.DevToolsPropertyDefaultsPostProcessor : For additional web related logging consider setting the 'logging.level.web' property to 'DEBUG'
2026-09-10T18:05:45.280+05:30  INFO 7780 --- [zellpayment-api] [restartedMain] .s.d.r.c.RepositoryConfigurationDelegate : Multiple Spring Data modules found, entering strict repository configuration mode
2026-09-10T18:05:45.281+05:30  INFO 7780 --- [zellpayment-api] [restartedMain] .s.d.r.c.RepositoryConfigurationDelegate : Bootstrapping Spring Data JPA repositories in DEFAULT mode.
2026-09-10T18:05:45.298+05:30  INFO 7780 --- [zellpayment-api] [restartedMain] .s.d.r.c.RepositoryConfigurationDelegate : Finished Spring Data repository scanning in 8 ms. Found 0 JPA repository interfaces.
2026-09-10T18:05:45.325+05:30  INFO 7780 --- [zellpayment-api] [restartedMain] .s.d.r.c.RepositoryConfigurationDelegate : Multiple Spring Data modules found, entering strict repository configuration mode
2026-09-10T18:05:45.326+05:30  INFO 7780 --- [zellpayment-api] [restartedMain] .s.d.r.c.RepositoryConfigurationDelegate : Bootstrapping Spring Data MongoDB repositories in DEFAULT mode.
2026-09-10T18:05:45.330+05:30  INFO 7780 --- [zellpayment-api] [restartedMain] .s.d.r.c.RepositoryConfigurationDelegate : Finished Spring Data repository scanning in 1 ms. Found 0 MongoDB repository interfaces.
2026-09-10T18:05:45.741+05:30  INFO 7780 --- [zellpayment-api] [restartedMain] o.s.boot.tomcat.TomcatWebServer          : Tomcat initialized with port 9092 (http)
2026-09-10T18:05:45.752+05:30  INFO 7780 --- [zellpayment-api] [restartedMain] o.apache.catalina.core.StandardService   : Starting service [Tomcat]
2026-09-10T18:05:45.752+05:30  INFO 7780 --- [zellpayment-api] [restartedMain] o.apache.catalina.core.StandardEngine    : Starting Servlet engine: [Apache Tomcat/11.0.22]
2026-09-10T18:05:45.786+05:30  INFO 7780 --- [zellpayment-api] [restartedMain] b.w.c.s.WebApplicationContextInitializer : Root WebApplicationContext: initialization completed in 1226 ms
2026-09-10T18:05:46.110+05:30  INFO 7780 --- [zellpayment-api] [restartedMain] com.zaxxer.hikari.HikariDataSource       : HikariPool-1 - Starting...
2026-09-10T18:05:46.485+05:30  INFO 7780 --- [zellpayment-api] [restartedMain] com.zaxxer.hikari.pool.HikariPool        : HikariPool-1 - Added connection oracle.jdbc.driver.T4CConnection@61f0bf02
2026-09-10T18:05:46.487+05:30  INFO 7780 --- [zellpayment-api] [restartedMain] com.zaxxer.hikari.HikariDataSource       : HikariPool-1 - Start completed.
2026-09-10T18:05:46.521+05:30  INFO 7780 --- [zellpayment-api] [restartedMain] org.hibernate.orm.jpa                    : HHH008540: Processing PersistenceUnitInfo [name: default]
2026-09-10T18:05:46.579+05:30  INFO 7780 --- [zellpayment-api] [restartedMain] org.hibernate.orm.core                   : HHH000001: Hibernate ORM core version 7.4.1.Final
2026-09-10T18:05:47.009+05:30  INFO 7780 --- [zellpayment-api] [restartedMain] o.s.o.j.p.SpringPersistenceUnitInfo      : No LoadTimeWeaver setup: ignoring JPA class transformer
2026-09-10T18:05:47.183+05:30  WARN 7780 --- [zellpayment-api] [restartedMain] org.hibernate.orm.core                   : HHH000511: The 11.2.0 version for [org.hibernate.dialect.OracleDialect] is no longer supported, hence certain features may not work properly.The minimum supported version is 19.0.0. Check the community dialects project for available legacy versions.
2026-09-10T18:05:47.202+05:30  WARN 7780 --- [zellpayment-api] [restartedMain] org.hibernate.orm.jdbc                   : HHH100123: Low default JDBC fetch size: 10 (consider setting 'hibernate.jdbc.fetch_size')
2026-09-10T18:05:47.204+05:30  INFO 7780 --- [zellpayment-api] [restartedMain] org.hibernate.orm.connections.pooling    : HHH10001005: Database info:
	Database JDBC URL [jdbc:oracle:thin:@localhost:1521:xe]
	Database driver: Oracle JDBC driver
	Database dialect: OracleDialect
	Database version: 11.2
	Default catalog/schema: undefined/SYSTEM
	Autocommit mode: undefined/unknown
	Isolation level: READ_COMMITTED [default READ_COMMITTED]
	JDBC fetch size: 10
	Pool: DataSourceConnectionProvider
	Minimum pool size: undefined/unknown
	Maximum pool size: undefined/unknown
2026-09-10T18:05:47.579+05:30  INFO 7780 --- [zellpayment-api] [restartedMain] org.hibernate.orm.core                   : HHH000489: No JTA platform available (set 'hibernate.transaction.jta.platform' to enable JTA platform integration)
2026-09-10T18:05:47.587+05:30  INFO 7780 --- [zellpayment-api] [restartedMain] j.LocalContainerEntityManagerFactoryBean : Initialized JPA EntityManagerFactory for persistence unit 'default'
2026-09-10T18:05:47.628+05:30  WARN 7780 --- [zellpayment-api] [restartedMain] JpaBaseConfiguration$JpaWebConfiguration : spring.jpa.open-in-view is enabled by default. Therefore, database queries may be performed during view rendering. Explicitly configure spring.jpa.open-in-view to disable this warning
2026-09-10T18:05:48.025+05:30  INFO 7780 --- [zellpayment-api] [restartedMain] org.mongodb.driver.client                : MongoClient with metadata {"driver": {"name": "mongo-java-driver|spring-boot|sync", "version": "5.8.0"}, "os": {"type": "Windows", "name": "Windows 11", "architecture": "amd64", "version": "10.0"}, "platform": "Java/Oracle Corporation/26.0.2.1+1-7"} created with settings MongoClientSettings{readPreference=primary, writeConcern=WriteConcern{w=null, wTimeout=null ms, journal=null}, retryWrites=true, retryReads=true, readConcern=ReadConcern{level=null}, credential=null, transportSettings=null, commandListeners=[io.micrometer.core.instrument.binder.mongodb.MongoMetricsCommandListener@4dd0b1f2], codecRegistry=ProvidersCodecRegistry{codecProviders=[ValueCodecProvider{}, BsonValueCodecProvider{}, DBRefCodecProvider{}, DBObjectCodecProvider{}, DocumentCodecProvider{}, CollectionCodecProvider{}, IterableCodecProvider{}, MapCodecProvider{}, GeoJsonCodecProvider{}, GridFSFileCodecProvider{}, Jsr310CodecProvider{}, JsonObjectCodecProvider{}, BsonCodecProvider{}, com.mongodb.client.model.mql.ExpressionCodecProvider@13951751, com.mongodb.Jep395RecordCodecProvider@79e23b8d, com.mongodb.KotlinCodecProvider@13ff3b89, EnumCodecProvider{}]}, loggerSettings=LoggerSettings{maxDocumentLength=1000}, clusterSettings={hosts=[localhost:27017], srvServiceName=mongodb, mode=SINGLE, requiredClusterType=UNKNOWN, requiredReplicaSetName='null', serverSelector='null', clusterListeners='[]', serverSelectionTimeout='30000 ms', localThreshold='15 ms'}, socketSettings=SocketSettings{connectTimeoutMS=10000, readTimeoutMS=0, receiveBufferSize=0, proxySettings=ProxySettings{host=null, port=null, username=null, password=null}}, heartbeatSocketSettings=SocketSettings{connectTimeoutMS=10000, readTimeoutMS=10000, receiveBufferSize=0, proxySettings=ProxySettings{host=null, port=null, username=null, password=null}}, connectionPoolSettings=ConnectionPoolSettings{maxSize=100, minSize=0, maxWaitTimeMS=120000, maxConnectionLifeTimeMS=0, maxConnectionIdleTimeMS=0, maintenanceInitialDelayMS=0, maintenanceFrequencyMS=60000, connectionPoolListeners=[io.micrometer.core.instrument.binder.mongodb.MongoMetricsConnectionPoolListener@5ebc88fc], maxConnecting=2}, serverSettings=ServerSettings{heartbeatFrequencyMS=10000, minHeartbeatFrequencyMS=500, serverMonitoringMode=AUTO, serverListeners='[]', serverMonitorListeners='[]'}, sslSettings=SslSettings{enabled=false, invalidHostNameAllowed=false, context=null}, applicationName='null', compressorList=[], uuidRepresentation=UNSPECIFIED, serverApi=null, autoEncryptionSettings=null, dnsClient=null, inetAddressResolver=null, contextProvider=null, timeoutMS=null}
2026-09-10T18:05:48.036+05:30  INFO 7780 --- [zellpayment-api] [cluster-6aa2a423eb8d15b77d32f1e1-localhost:27017] org.mongodb.driver.cluster               : Monitor thread successfully connected to server with description ServerDescription{address=localhost:27017, type=STANDALONE, cryptd=false, state=CONNECTED, ok=true, minWireVersion=0, maxWireVersion=28, maxDocumentSize=16777216, logicalSessionTimeoutMinutes=30, roundTripTimeNanos=18678400, minRoundTripTimeNanos=0}
2026-09-10T18:05:48.313+05:30  INFO 7780 --- [zellpayment-api] [restartedMain] o.s.b.a.e.web.EndpointLinksResolver      : Exposing 1 endpoint beneath base path '/actuator'
2026-09-10T18:05:48.388+05:30  INFO 7780 --- [zellpayment-api] [restartedMain] o.s.boot.tomcat.TomcatWebServer          : Tomcat started on port 9092 (http) with context path '/'
2026-09-10T18:05:48.396+05:30  INFO 7780 --- [zellpayment-api] [restartedMain] c.zellpayment.ZellpaymentApiApplication  : Started ZellpaymentApiApplication in 4.329 seconds (process running for 5.11)
2026-09-10T18:05:48.404+05:30  INFO 7780 --- [zellpayment-api] [restartedMain] c.zellpayment.ZellpaymentApiApplication  : ZellpaymentApiApplication started
2026-09-10T18:08:30.262+05:30  INFO 7780 --- [zellpayment-api] [SpringApplicationShutdownHook] o.s.boot.tomcat.GracefulShutdown         : Commencing graceful shutdown. Waiting for active requests to complete
2026-09-10T18:08:30.270+05:30  INFO 7780 --- [zellpayment-api] [tomcat-shutdown] o.s.boot.tomcat.GracefulShutdown         : Graceful shutdown complete
2026-09-10T18:08:30.276+05:30  INFO 7780 --- [zellpayment-api] [SpringApplicationShutdownHook] j.LocalContainerEntityManagerFactoryBean : Closing JPA EntityManagerFactory for persistence unit 'default'
2026-09-10T18:08:30.280+05:30  INFO 7780 --- [zellpayment-api] [SpringApplicationShutdownHook] com.zaxxer.hikari.HikariDataSource       : HikariPool-1 - Shutdown initiated...
2026-09-10T18:08:30.290+05:30  INFO 7780 --- [zellpayment-api] [SpringApplicationShutdownHook] com.zaxxer.hikari.HikariDataSource       : HikariPool-1 - Shutdown completed.
2026-09-10T18:08:47.692+05:30  INFO 33164 --- [zellpayment-api] [restartedMain] c.zellpayment.ZellpaymentApiApplication  : Starting ZellpaymentApiApplication using Java 26.0.2.1 with PID 33164 (C:\Xworkz Internship\zellpayment-api\zellpayment-api\build\classes\java\main started by SHASHANK in C:\Xworkz Internship\zellpayment-api\zellpayment-api)
2026-09-10T18:08:47.695+05:30 DEBUG 33164 --- [zellpayment-api] [restartedMain] c.zellpayment.ZellpaymentApiApplication  : Running with Spring Boot v4.1.1, Spring v7.0.9
2026-09-10T18:08:47.696+05:30  INFO 33164 --- [zellpayment-api] [restartedMain] c.zellpayment.ZellpaymentApiApplication  : The following 1 profile is active: "uat"
2026-09-10T18:08:47.753+05:30  INFO 33164 --- [zellpayment-api] [restartedMain] o.s.b.devtools.restart.ChangeableUrls    : The Class-Path manifest attribute in C:\Users\SHASHANK\.gradle\caches\modules-2\files-2.1\com.oracle.database.jdbc\ojdbc11\23.26.3.0.0\6936aba69cb7142aac36a53ed920af563b0e1dd1\ojdbc11-23.26.3.0.0.jar referenced one or more files that do not exist: file:/C:/Users/SHASHANK/.gradle/caches/modules-2/files-2.1/com.oracle.database.jdbc/ojdbc11/23.26.3.0.0/6936aba69cb7142aac36a53ed920af563b0e1dd1/oraclepki.jar
2026-09-10T18:08:47.753+05:30  INFO 33164 --- [zellpayment-api] [restartedMain] .e.DevToolsPropertyDefaultsPostProcessor : Devtools property defaults active! Set 'spring.devtools.add-properties' to 'false' to disable
2026-09-10T18:08:47.753+05:30  INFO 33164 --- [zellpayment-api] [restartedMain] .e.DevToolsPropertyDefaultsPostProcessor : For additional web related logging consider setting the 'logging.level.web' property to 'DEBUG'
2026-09-10T18:08:48.705+05:30  INFO 33164 --- [zellpayment-api] [restartedMain] .s.d.r.c.RepositoryConfigurationDelegate : Multiple Spring Data modules found, entering strict repository configuration mode
2026-09-10T18:08:48.707+05:30  INFO 33164 --- [zellpayment-api] [restartedMain] .s.d.r.c.RepositoryConfigurationDelegate : Bootstrapping Spring Data JPA repositories in DEFAULT mode.
2026-09-10T18:08:48.729+05:30  INFO 33164 --- [zellpayment-api] [restartedMain] .s.d.r.c.RepositoryConfigurationDelegate : Finished Spring Data repository scanning in 12 ms. Found 0 JPA repository interfaces.
2026-09-10T18:08:48.760+05:30  INFO 33164 --- [zellpayment-api] [restartedMain] .s.d.r.c.RepositoryConfigurationDelegate : Multiple Spring Data modules found, entering strict repository configuration mode
2026-09-10T18:08:48.761+05:30  INFO 33164 --- [zellpayment-api] [restartedMain] .s.d.r.c.RepositoryConfigurationDelegate : Bootstrapping Spring Data MongoDB repositories in DEFAULT mode.
2026-09-10T18:08:48.764+05:30  INFO 33164 --- [zellpayment-api] [restartedMain] .s.d.r.c.RepositoryConfigurationDelegate : Finished Spring Data repository scanning in 1 ms. Found 0 MongoDB repository interfaces.
2026-09-10T18:08:49.292+05:30  INFO 33164 --- [zellpayment-api] [restartedMain] o.s.boot.tomcat.TomcatWebServer          : Tomcat initialized with port 9092 (http)
2026-09-10T18:08:49.304+05:30  INFO 33164 --- [zellpayment-api] [restartedMain] o.apache.catalina.core.StandardService   : Starting service [Tomcat]
2026-09-10T18:08:49.304+05:30  INFO 33164 --- [zellpayment-api] [restartedMain] o.apache.catalina.core.StandardEngine    : Starting Servlet engine: [Apache Tomcat/11.0.24]
2026-09-10T18:08:49.342+05:30  INFO 33164 --- [zellpayment-api] [restartedMain] b.w.c.s.WebApplicationContextInitializer : Root WebApplicationContext: initialization completed in 1588 ms
2026-09-10T18:08:49.653+05:30  INFO 33164 --- [zellpayment-api] [restartedMain] com.zaxxer.hikari.HikariDataSource       : HikariPool-1 - Starting...
2026-09-10T18:08:49.900+05:30  INFO 33164 --- [zellpayment-api] [restartedMain] com.zaxxer.hikari.pool.HikariPool        : HikariPool-1 - Added connection oracle.jdbc.driver.T4CConnection@21cfd2bd
2026-09-10T18:08:49.901+05:30  INFO 33164 --- [zellpayment-api] [restartedMain] com.zaxxer.hikari.HikariDataSource       : HikariPool-1 - Start completed.
2026-09-10T18:08:49.930+05:30  INFO 33164 --- [zellpayment-api] [restartedMain] org.hibernate.orm.jpa                    : HHH008540: Processing PersistenceUnitInfo [name: default]
2026-09-10T18:08:49.999+05:30  INFO 33164 --- [zellpayment-api] [restartedMain] org.hibernate.orm.core                   : HHH000001: Hibernate ORM core version 7.4.5.Final
2026-09-10T18:08:50.550+05:30  INFO 33164 --- [zellpayment-api] [restartedMain] o.s.o.j.p.SpringPersistenceUnitInfo      : No LoadTimeWeaver setup: ignoring JPA class transformer
2026-09-10T18:08:50.827+05:30  WARN 33164 --- [zellpayment-api] [restartedMain] org.hibernate.orm.core                   : HHH000511: The 11.2.0 version for [org.hibernate.dialect.OracleDialect] is no longer supported, hence certain features may not work properly.The minimum supported version is 19.0.0. Check the community dialects project for available legacy versions.
2026-09-10T18:08:50.857+05:30  WARN 33164 --- [zellpayment-api] [restartedMain] org.hibernate.orm.jdbc                   : HHH100123: Low default JDBC fetch size: 10 (consider setting 'hibernate.jdbc.fetch_size')
2026-09-10T18:08:50.861+05:30  INFO 33164 --- [zellpayment-api] [restartedMain] org.hibernate.orm.connections.pooling    : HHH10001005: Database info:
	Database JDBC URL [jdbc:oracle:thin:@localhost:1521:xe]
	Database driver: Oracle JDBC driver
	Database dialect: OracleDialect
	Database version: 11.2
	Default catalog/schema: undefined/SYSTEM
	Autocommit mode: undefined/unknown
	Isolation level: READ_COMMITTED [default READ_COMMITTED]
	JDBC fetch size: 10
	Pool: DataSourceConnectionProvider
	Minimum pool size: undefined/unknown
	Maximum pool size: undefined/unknown
2026-09-10T18:08:51.312+05:30  INFO 33164 --- [zellpayment-api] [restartedMain] org.hibernate.orm.core                   : HHH000489: No JTA platform available (set 'hibernate.transaction.jta.platform' to enable JTA platform integration)
2026-09-10T18:08:51.321+05:30  INFO 33164 --- [zellpayment-api] [restartedMain] j.LocalContainerEntityManagerFactoryBean : Initialized JPA EntityManagerFactory for persistence unit 'default'
2026-09-10T18:08:51.442+05:30  WARN 33164 --- [zellpayment-api] [restartedMain] JpaBaseConfiguration$JpaWebConfiguration : spring.jpa.open-in-view is enabled by default. Therefore, database queries may be performed during view rendering. Explicitly configure spring.jpa.open-in-view to disable this warning
2026-09-10T18:08:51.987+05:30  INFO 33164 --- [zellpayment-api] [restartedMain] org.mongodb.driver.client                : MongoClient with metadata {"driver": {"name": "mongo-java-driver|spring-boot|sync", "version": "5.8.1"}, "os": {"type": "Windows", "name": "Windows 11", "architecture": "amd64", "version": "10.0"}, "platform": "Java/Oracle Corporation/26.0.2.1+1-7"} created with settings MongoClientSettings{readPreference=primary, writeConcern=WriteConcern{w=null, wTimeout=null ms, journal=null}, retryWrites=true, retryReads=true, readConcern=ReadConcern{level=null}, credential=null, transportSettings=null, commandListeners=[io.micrometer.core.instrument.binder.mongodb.MongoMetricsCommandListener@66c2a40f], codecRegistry=ProvidersCodecRegistry{codecProviders=[ValueCodecProvider{}, BsonValueCodecProvider{}, DBRefCodecProvider{}, DBObjectCodecProvider{}, DocumentCodecProvider{}, CollectionCodecProvider{}, IterableCodecProvider{}, MapCodecProvider{}, GeoJsonCodecProvider{}, GridFSFileCodecProvider{}, Jsr310CodecProvider{}, JsonObjectCodecProvider{}, BsonCodecProvider{}, com.mongodb.client.model.mql.ExpressionCodecProvider@2cd8569a, com.mongodb.Jep395RecordCodecProvider@464df125, com.mongodb.KotlinCodecProvider@7845d7d7, EnumCodecProvider{}]}, loggerSettings=LoggerSettings{maxDocumentLength=1000}, clusterSettings={hosts=[localhost:27017], srvServiceName=mongodb, mode=SINGLE, requiredClusterType=UNKNOWN, requiredReplicaSetName='null', serverSelector='null', clusterListeners='[]', serverSelectionTimeout='30000 ms', localThreshold='15 ms'}, socketSettings=SocketSettings{connectTimeoutMS=10000, readTimeoutMS=0, receiveBufferSize=0, proxySettings=ProxySettings{host=null, port=null, username=null, password=null}}, heartbeatSocketSettings=SocketSettings{connectTimeoutMS=10000, readTimeoutMS=10000, receiveBufferSize=0, proxySettings=ProxySettings{host=null, port=null, username=null, password=null}}, connectionPoolSettings=ConnectionPoolSettings{maxSize=100, minSize=0, maxWaitTimeMS=120000, maxConnectionLifeTimeMS=0, maxConnectionIdleTimeMS=0, maintenanceInitialDelayMS=0, maintenanceFrequencyMS=60000, connectionPoolListeners=[io.micrometer.core.instrument.binder.mongodb.MongoMetricsConnectionPoolListener@273d1b7f], maxConnecting=2}, serverSettings=ServerSettings{heartbeatFrequencyMS=10000, minHeartbeatFrequencyMS=500, serverMonitoringMode=AUTO, serverListeners='[]', serverMonitorListeners='[]'}, sslSettings=SslSettings{enabled=false, invalidHostNameAllowed=false, context=null}, applicationName='null', compressorList=[], uuidRepresentation=UNSPECIFIED, serverApi=null, autoEncryptionSettings=null, dnsClient=null, inetAddressResolver=null, contextProvider=null, timeoutMS=null}
2026-09-10T18:08:52.001+05:30  INFO 33164 --- [zellpayment-api] [cluster-6aa2a4dba2937ea851274772-localhost:27017] org.mongodb.driver.cluster               : Monitor thread successfully connected to server with description ServerDescription{address=localhost:27017, type=STANDALONE, cryptd=false, state=CONNECTED, ok=true, minWireVersion=0, maxWireVersion=28, maxDocumentSize=16777216, logicalSessionTimeoutMinutes=30, roundTripTimeNanos=17798800, minRoundTripTimeNanos=0}
2026-09-10T18:08:52.338+05:30  INFO 33164 --- [zellpayment-api] [restartedMain] o.s.b.a.e.web.EndpointLinksResolver      : Exposing 1 endpoint beneath base path '/actuator'
2026-09-10T18:08:52.409+05:30  INFO 33164 --- [zellpayment-api] [restartedMain] o.s.boot.tomcat.TomcatWebServer          : Tomcat started on port 9092 (http) with context path '/'
2026-09-10T18:08:52.418+05:30  INFO 33164 --- [zellpayment-api] [restartedMain] c.zellpayment.ZellpaymentApiApplication  : Started ZellpaymentApiApplication in 5.256 seconds (process running for 5.967)
2026-09-10T18:08:52.424+05:30  WARN 33164 --- [zellpayment-api] [restartedMain] o.s.core.events.SpringDocAppInitializer  : SpringDoc /v3/api-docs endpoint is enabled by default. To disable it in production, set the property 'springdoc.api-docs.enabled=false'
2026-09-10T18:08:52.424+05:30  WARN 33164 --- [zellpayment-api] [restartedMain] o.s.core.events.SpringDocAppInitializer  : SpringDoc /swagger-ui.html endpoint is enabled by default. To disable it in production, set the property 'springdoc.swagger-ui.enabled=false'
2026-09-10T18:08:52.425+05:30  INFO 33164 --- [zellpayment-api] [restartedMain] c.zellpayment.ZellpaymentApiApplication  : ZellpaymentApiApplication started
2026-09-10T18:09:13.644+05:30  INFO 33164 --- [zellpayment-api] [SpringApplicationShutdownHook] o.s.boot.tomcat.GracefulShutdown         : Commencing graceful shutdown. Waiting for active requests to complete
2026-09-10T18:09:13.675+05:30  INFO 33164 --- [zellpayment-api] [tomcat-shutdown] o.s.boot.tomcat.GracefulShutdown         : Graceful shutdown complete
2026-09-10T18:09:13.696+05:30  INFO 33164 --- [zellpayment-api] [SpringApplicationShutdownHook] j.LocalContainerEntityManagerFactoryBean : Closing JPA EntityManagerFactory for persistence unit 'default'
2026-09-10T18:09:13.702+05:30  INFO 33164 --- [zellpayment-api] [SpringApplicationShutdownHook] com.zaxxer.hikari.HikariDataSource       : HikariPool-1 - Shutdown initiated...
2026-09-10T18:09:13.724+05:30  INFO 33164 --- [zellpayment-api] [SpringApplicationShutdownHook] com.zaxxer.hikari.HikariDataSource       : HikariPool-1 - Shutdown completed.
2026-09-10T18:09:17.672+05:30  INFO 13976 --- [zellpayment-api] [restartedMain] c.zellpayment.ZellpaymentApiApplication  : Starting ZellpaymentApiApplication using Java 26.0.2.1 with PID 13976 (C:\Xworkz Internship\zellpayment-api\zellpayment-api\build\classes\java\main started by SHASHANK in C:\Xworkz Internship\zellpayment-api\zellpayment-api)
2026-09-10T18:09:17.679+05:30 DEBUG 13976 --- [zellpayment-api] [restartedMain] c.zellpayment.ZellpaymentApiApplication  : Running with Spring Boot v4.1.1, Spring v7.0.9
2026-09-10T18:09:17.679+05:30  INFO 13976 --- [zellpayment-api] [restartedMain] c.zellpayment.ZellpaymentApiApplication  : The following 1 profile is active: "uat"
2026-09-10T18:09:17.724+05:30  INFO 13976 --- [zellpayment-api] [restartedMain] o.s.b.devtools.restart.ChangeableUrls    : The Class-Path manifest attribute in C:\Users\SHASHANK\.gradle\caches\modules-2\files-2.1\com.oracle.database.jdbc\ojdbc11\23.26.3.0.0\6936aba69cb7142aac36a53ed920af563b0e1dd1\ojdbc11-23.26.3.0.0.jar referenced one or more files that do not exist: file:/C:/Users/SHASHANK/.gradle/caches/modules-2/files-2.1/com.oracle.database.jdbc/ojdbc11/23.26.3.0.0/6936aba69cb7142aac36a53ed920af563b0e1dd1/oraclepki.jar
2026-09-10T18:09:17.725+05:30  INFO 13976 --- [zellpayment-api] [restartedMain] .e.DevToolsPropertyDefaultsPostProcessor : Devtools property defaults active! Set 'spring.devtools.add-properties' to 'false' to disable
2026-09-10T18:09:17.725+05:30  INFO 13976 --- [zellpayment-api] [restartedMain] .e.DevToolsPropertyDefaultsPostProcessor : For additional web related logging consider setting the 'logging.level.web' property to 'DEBUG'
2026-09-10T18:09:18.613+05:30  INFO 13976 --- [zellpayment-api] [restartedMain] .s.d.r.c.RepositoryConfigurationDelegate : Multiple Spring Data modules found, entering strict repository configuration mode
2026-09-10T18:09:18.615+05:30  INFO 13976 --- [zellpayment-api] [restartedMain] .s.d.r.c.RepositoryConfigurationDelegate : Bootstrapping Spring Data JPA repositories in DEFAULT mode.
2026-09-10T18:09:18.634+05:30  INFO 13976 --- [zellpayment-api] [restartedMain] .s.d.r.c.RepositoryConfigurationDelegate : Finished Spring Data repository scanning in 10 ms. Found 0 JPA repository interfaces.
2026-09-10T18:09:18.667+05:30  INFO 13976 --- [zellpayment-api] [restartedMain] .s.d.r.c.RepositoryConfigurationDelegate : Multiple Spring Data modules found, entering strict repository configuration mode
2026-09-10T18:09:18.667+05:30  INFO 13976 --- [zellpayment-api] [restartedMain] .s.d.r.c.RepositoryConfigurationDelegate : Bootstrapping Spring Data MongoDB repositories in DEFAULT mode.
2026-09-10T18:09:18.669+05:30  INFO 13976 --- [zellpayment-api] [restartedMain] .s.d.r.c.RepositoryConfigurationDelegate : Finished Spring Data repository scanning in 1 ms. Found 0 MongoDB repository interfaces.
2026-09-10T18:09:19.133+05:30  INFO 13976 --- [zellpayment-api] [restartedMain] o.s.boot.tomcat.TomcatWebServer          : Tomcat initialized with port 9092 (http)
2026-09-10T18:09:19.157+05:30  INFO 13976 --- [zellpayment-api] [restartedMain] o.apache.catalina.core.StandardService   : Starting service [Tomcat]
2026-09-10T18:09:19.158+05:30  INFO 13976 --- [zellpayment-api] [restartedMain] o.apache.catalina.core.StandardEngine    : Starting Servlet engine: [Apache Tomcat/11.0.24]
2026-09-10T18:09:19.228+05:30  INFO 13976 --- [zellpayment-api] [restartedMain] b.w.c.s.WebApplicationContextInitializer : Root WebApplicationContext: initialization completed in 1501 ms
2026-09-10T18:09:19.492+05:30  INFO 13976 --- [zellpayment-api] [restartedMain] com.zaxxer.hikari.HikariDataSource       : HikariPool-1 - Starting...
2026-09-10T18:09:19.723+05:30  INFO 13976 --- [zellpayment-api] [restartedMain] com.zaxxer.hikari.pool.HikariPool        : HikariPool-1 - Added connection oracle.jdbc.driver.T4CConnection@5f9df791
2026-09-10T18:09:19.724+05:30  INFO 13976 --- [zellpayment-api] [restartedMain] com.zaxxer.hikari.HikariDataSource       : HikariPool-1 - Start completed.
2026-09-10T18:09:19.747+05:30  INFO 13976 --- [zellpayment-api] [restartedMain] org.hibernate.orm.jpa                    : HHH008540: Processing PersistenceUnitInfo [name: default]
2026-09-10T18:09:19.787+05:30  INFO 13976 --- [zellpayment-api] [restartedMain] org.hibernate.orm.core                   : HHH000001: Hibernate ORM core version 7.4.5.Final
2026-09-10T18:09:20.202+05:30  INFO 13976 --- [zellpayment-api] [restartedMain] o.s.o.j.p.SpringPersistenceUnitInfo      : No LoadTimeWeaver setup: ignoring JPA class transformer
2026-09-10T18:09:20.399+05:30  WARN 13976 --- [zellpayment-api] [restartedMain] org.hibernate.orm.core                   : HHH000511: The 11.2.0 version for [org.hibernate.dialect.OracleDialect] is no longer supported, hence certain features may not work properly.The minimum supported version is 19.0.0. Check the community dialects project for available legacy versions.
2026-09-10T18:09:20.435+05:30  WARN 13976 --- [zellpayment-api] [restartedMain] org.hibernate.orm.jdbc                   : HHH100123: Low default JDBC fetch size: 10 (consider setting 'hibernate.jdbc.fetch_size')
2026-09-10T18:09:20.443+05:30  INFO 13976 --- [zellpayment-api] [restartedMain] org.hibernate.orm.connections.pooling    : HHH10001005: Database info:
	Database JDBC URL [jdbc:oracle:thin:@localhost:1521:xe]
	Database driver: Oracle JDBC driver
	Database dialect: OracleDialect
	Database version: 11.2
	Default catalog/schema: undefined/SYSTEM
	Autocommit mode: undefined/unknown
	Isolation level: READ_COMMITTED [default READ_COMMITTED]
	JDBC fetch size: 10
	Pool: DataSourceConnectionProvider
	Minimum pool size: undefined/unknown
	Maximum pool size: undefined/unknown
2026-09-10T18:09:20.824+05:30  INFO 13976 --- [zellpayment-api] [restartedMain] org.hibernate.orm.core                   : HHH000489: No JTA platform available (set 'hibernate.transaction.jta.platform' to enable JTA platform integration)
2026-09-10T18:09:20.832+05:30  INFO 13976 --- [zellpayment-api] [restartedMain] j.LocalContainerEntityManagerFactoryBean : Initialized JPA EntityManagerFactory for persistence unit 'default'
2026-09-10T18:09:20.954+05:30  WARN 13976 --- [zellpayment-api] [restartedMain] JpaBaseConfiguration$JpaWebConfiguration : spring.jpa.open-in-view is enabled by default. Therefore, database queries may be performed during view rendering. Explicitly configure spring.jpa.open-in-view to disable this warning
2026-09-10T18:09:21.476+05:30  INFO 13976 --- [zellpayment-api] [restartedMain] org.mongodb.driver.client                : MongoClient with metadata {"driver": {"name": "mongo-java-driver|spring-boot|sync", "version": "5.8.1"}, "os": {"type": "Windows", "name": "Windows 11", "architecture": "amd64", "version": "10.0"}, "platform": "Java/Oracle Corporation/26.0.2.1+1-7"} created with settings MongoClientSettings{readPreference=primary, writeConcern=WriteConcern{w=null, wTimeout=null ms, journal=null}, retryWrites=true, retryReads=true, readConcern=ReadConcern{level=null}, credential=null, transportSettings=null, commandListeners=[io.micrometer.core.instrument.binder.mongodb.MongoMetricsCommandListener@521581ac], codecRegistry=ProvidersCodecRegistry{codecProviders=[ValueCodecProvider{}, BsonValueCodecProvider{}, DBRefCodecProvider{}, DBObjectCodecProvider{}, DocumentCodecProvider{}, CollectionCodecProvider{}, IterableCodecProvider{}, MapCodecProvider{}, GeoJsonCodecProvider{}, GridFSFileCodecProvider{}, Jsr310CodecProvider{}, JsonObjectCodecProvider{}, BsonCodecProvider{}, com.mongodb.client.model.mql.ExpressionCodecProvider@7405d4c8, com.mongodb.Jep395RecordCodecProvider@75ff4875, com.mongodb.KotlinCodecProvider@5fea3d32, EnumCodecProvider{}]}, loggerSettings=LoggerSettings{maxDocumentLength=1000}, clusterSettings={hosts=[localhost:27017], srvServiceName=mongodb, mode=SINGLE, requiredClusterType=UNKNOWN, requiredReplicaSetName='null', serverSelector='null', clusterListeners='[]', serverSelectionTimeout='30000 ms', localThreshold='15 ms'}, socketSettings=SocketSettings{connectTimeoutMS=10000, readTimeoutMS=0, receiveBufferSize=0, proxySettings=ProxySettings{host=null, port=null, username=null, password=null}}, heartbeatSocketSettings=SocketSettings{connectTimeoutMS=10000, readTimeoutMS=10000, receiveBufferSize=0, proxySettings=ProxySettings{host=null, port=null, username=null, password=null}}, connectionPoolSettings=ConnectionPoolSettings{maxSize=100, minSize=0, maxWaitTimeMS=120000, maxConnectionLifeTimeMS=0, maxConnectionIdleTimeMS=0, maintenanceInitialDelayMS=0, maintenanceFrequencyMS=60000, connectionPoolListeners=[io.micrometer.core.instrument.binder.mongodb.MongoMetricsConnectionPoolListener@1e91bada], maxConnecting=2}, serverSettings=ServerSettings{heartbeatFrequencyMS=10000, minHeartbeatFrequencyMS=500, serverMonitoringMode=AUTO, serverListeners='[]', serverMonitorListeners='[]'}, sslSettings=SslSettings{enabled=false, invalidHostNameAllowed=false, context=null}, applicationName='null', compressorList=[], uuidRepresentation=UNSPECIFIED, serverApi=null, autoEncryptionSettings=null, dnsClient=null, inetAddressResolver=null, contextProvider=null, timeoutMS=null}
2026-09-10T18:09:21.489+05:30  INFO 13976 --- [zellpayment-api] [cluster-6aa2a4f90256f36231057d4c-localhost:27017] org.mongodb.driver.cluster               : Monitor thread successfully connected to server with description ServerDescription{address=localhost:27017, type=STANDALONE, cryptd=false, state=CONNECTED, ok=true, minWireVersion=0, maxWireVersion=28, maxDocumentSize=16777216, logicalSessionTimeoutMinutes=30, roundTripTimeNanos=17347400, minRoundTripTimeNanos=0}
2026-09-10T18:09:21.762+05:30  INFO 13976 --- [zellpayment-api] [restartedMain] o.s.b.a.e.web.EndpointLinksResolver      : Exposing 1 endpoint beneath base path '/actuator'
2026-09-10T18:09:21.821+05:30  INFO 13976 --- [zellpayment-api] [restartedMain] o.s.boot.tomcat.TomcatWebServer          : Tomcat started on port 9092 (http) with context path '/'
2026-09-10T18:09:21.829+05:30  INFO 13976 --- [zellpayment-api] [restartedMain] c.zellpayment.ZellpaymentApiApplication  : Started ZellpaymentApiApplication in 4.646 seconds (process running for 5.286)
2026-09-10T18:09:21.834+05:30  WARN 13976 --- [zellpayment-api] [restartedMain] o.s.core.events.SpringDocAppInitializer  : SpringDoc /v3/api-docs endpoint is enabled by default. To disable it in production, set the property 'springdoc.api-docs.enabled=false'
2026-09-10T18:09:21.835+05:30  WARN 13976 --- [zellpayment-api] [restartedMain] o.s.core.events.SpringDocAppInitializer  : SpringDoc /swagger-ui.html endpoint is enabled by default. To disable it in production, set the property 'springdoc.swagger-ui.enabled=false'
2026-09-10T18:09:21.835+05:30  INFO 13976 --- [zellpayment-api] [restartedMain] c.zellpayment.ZellpaymentApiApplication  : ZellpaymentApiApplication started
2026-09-10T18:09:33.700+05:30  INFO 13976 --- [zellpayment-api] [SpringApplicationShutdownHook] o.s.boot.tomcat.GracefulShutdown         : Commencing graceful shutdown. Waiting for active requests to complete
2026-09-10T18:09:33.704+05:30  INFO 13976 --- [zellpayment-api] [tomcat-shutdown] o.s.boot.tomcat.GracefulShutdown         : Graceful shutdown complete
2026-09-10T18:09:33.711+05:30  INFO 13976 --- [zellpayment-api] [SpringApplicationShutdownHook] j.LocalContainerEntityManagerFactoryBean : Closing JPA EntityManagerFactory for persistence unit 'default'
2026-09-10T18:09:33.713+05:30  INFO 13976 --- [zellpayment-api] [SpringApplicationShutdownHook] com.zaxxer.hikari.HikariDataSource       : HikariPool-1 - Shutdown initiated...
2026-09-10T18:09:33.721+05:30  INFO 13976 --- [zellpayment-api] [SpringApplicationShutdownHook] com.zaxxer.hikari.HikariDataSource       : HikariPool-1 - Shutdown completed.
2026-09-10T18:09:36.514+05:30  INFO 26588 --- [zellpayment-api] [restartedMain] c.zellpayment.ZellpaymentApiApplication  : Starting ZellpaymentApiApplication using Java 26.0.2.1 with PID 26588 (C:\Xworkz Internship\zellpayment-api\zellpayment-api\build\classes\java\main started by SHASHANK in C:\Xworkz Internship\zellpayment-api\zellpayment-api)
2026-09-10T18:09:36.516+05:30 DEBUG 26588 --- [zellpayment-api] [restartedMain] c.zellpayment.ZellpaymentApiApplication  : Running with Spring Boot v4.1.1, Spring v7.0.9
2026-09-10T18:09:36.516+05:30  INFO 26588 --- [zellpayment-api] [restartedMain] c.zellpayment.ZellpaymentApiApplication  : The following 1 profile is active: "uat"
2026-09-10T18:09:36.567+05:30  INFO 26588 --- [zellpayment-api] [restartedMain] o.s.b.devtools.restart.ChangeableUrls    : The Class-Path manifest attribute in C:\Users\SHASHANK\.gradle\caches\modules-2\files-2.1\com.oracle.database.jdbc\ojdbc11\23.26.3.0.0\6936aba69cb7142aac36a53ed920af563b0e1dd1\ojdbc11-23.26.3.0.0.jar referenced one or more files that do not exist: file:/C:/Users/SHASHANK/.gradle/caches/modules-2/files-2.1/com.oracle.database.jdbc/ojdbc11/23.26.3.0.0/6936aba69cb7142aac36a53ed920af563b0e1dd1/oraclepki.jar
2026-09-10T18:09:36.568+05:30  INFO 26588 --- [zellpayment-api] [restartedMain] .e.DevToolsPropertyDefaultsPostProcessor : Devtools property defaults active! Set 'spring.devtools.add-properties' to 'false' to disable
2026-09-10T18:09:36.568+05:30  INFO 26588 --- [zellpayment-api] [restartedMain] .e.DevToolsPropertyDefaultsPostProcessor : For additional web related logging consider setting the 'logging.level.web' property to 'DEBUG'
2026-09-10T18:09:37.646+05:30  INFO 26588 --- [zellpayment-api] [restartedMain] .s.d.r.c.RepositoryConfigurationDelegate : Multiple Spring Data modules found, entering strict repository configuration mode
2026-09-10T18:09:37.648+05:30  INFO 26588 --- [zellpayment-api] [restartedMain] .s.d.r.c.RepositoryConfigurationDelegate : Bootstrapping Spring Data JPA repositories in DEFAULT mode.
2026-09-10T18:09:37.669+05:30  INFO 26588 --- [zellpayment-api] [restartedMain] .s.d.r.c.RepositoryConfigurationDelegate : Finished Spring Data repository scanning in 12 ms. Found 0 JPA repository interfaces.
2026-09-10T18:09:37.694+05:30  INFO 26588 --- [zellpayment-api] [restartedMain] .s.d.r.c.RepositoryConfigurationDelegate : Multiple Spring Data modules found, entering strict repository configuration mode
2026-09-10T18:09:37.695+05:30  INFO 26588 --- [zellpayment-api] [restartedMain] .s.d.r.c.RepositoryConfigurationDelegate : Bootstrapping Spring Data MongoDB repositories in DEFAULT mode.
2026-09-10T18:09:37.697+05:30  INFO 26588 --- [zellpayment-api] [restartedMain] .s.d.r.c.RepositoryConfigurationDelegate : Finished Spring Data repository scanning in 0 ms. Found 0 MongoDB repository interfaces.
2026-09-10T18:09:38.165+05:30  INFO 26588 --- [zellpayment-api] [restartedMain] o.s.boot.tomcat.TomcatWebServer          : Tomcat initialized with port 9092 (http)
2026-09-10T18:09:38.190+05:30  INFO 26588 --- [zellpayment-api] [restartedMain] o.apache.catalina.core.StandardService   : Starting service [Tomcat]
2026-09-10T18:09:38.191+05:30  INFO 26588 --- [zellpayment-api] [restartedMain] o.apache.catalina.core.StandardEngine    : Starting Servlet engine: [Apache Tomcat/11.0.24]
2026-09-10T18:09:38.242+05:30  INFO 26588 --- [zellpayment-api] [restartedMain] b.w.c.s.WebApplicationContextInitializer : Root WebApplicationContext: initialization completed in 1674 ms
2026-09-10T18:09:38.504+05:30  INFO 26588 --- [zellpayment-api] [restartedMain] com.zaxxer.hikari.HikariDataSource       : HikariPool-1 - Starting...
2026-09-10T18:09:38.695+05:30  INFO 26588 --- [zellpayment-api] [restartedMain] com.zaxxer.hikari.pool.HikariPool        : HikariPool-1 - Added connection oracle.jdbc.driver.T4CConnection@c5a6a2e
2026-09-10T18:09:38.696+05:30  INFO 26588 --- [zellpayment-api] [restartedMain] com.zaxxer.hikari.HikariDataSource       : HikariPool-1 - Start completed.
2026-09-10T18:09:38.726+05:30  INFO 26588 --- [zellpayment-api] [restartedMain] org.hibernate.orm.jpa                    : HHH008540: Processing PersistenceUnitInfo [name: default]
2026-09-10T18:09:38.776+05:30  INFO 26588 --- [zellpayment-api] [restartedMain] org.hibernate.orm.core                   : HHH000001: Hibernate ORM core version 7.4.5.Final
2026-09-10T18:09:39.151+05:30  INFO 26588 --- [zellpayment-api] [restartedMain] o.s.o.j.p.SpringPersistenceUnitInfo      : No LoadTimeWeaver setup: ignoring JPA class transformer
2026-09-10T18:09:39.316+05:30  WARN 26588 --- [zellpayment-api] [restartedMain] org.hibernate.orm.core                   : HHH000511: The 11.2.0 version for [org.hibernate.dialect.OracleDialect] is no longer supported, hence certain features may not work properly.The minimum supported version is 19.0.0. Check the community dialects project for available legacy versions.
2026-09-10T18:09:39.358+05:30  WARN 26588 --- [zellpayment-api] [restartedMain] org.hibernate.orm.jdbc                   : HHH100123: Low default JDBC fetch size: 10 (consider setting 'hibernate.jdbc.fetch_size')
2026-09-10T18:09:39.362+05:30  INFO 26588 --- [zellpayment-api] [restartedMain] org.hibernate.orm.connections.pooling    : HHH10001005: Database info:
	Database JDBC URL [jdbc:oracle:thin:@localhost:1521:xe]
	Database driver: Oracle JDBC driver
	Database dialect: OracleDialect
	Database version: 11.2
	Default catalog/schema: undefined/SYSTEM
	Autocommit mode: undefined/unknown
	Isolation level: READ_COMMITTED [default READ_COMMITTED]
	JDBC fetch size: 10
	Pool: DataSourceConnectionProvider
	Minimum pool size: undefined/unknown
	Maximum pool size: undefined/unknown
2026-09-10T18:09:39.703+05:30  INFO 26588 --- [zellpayment-api] [restartedMain] org.hibernate.orm.core                   : HHH000489: No JTA platform available (set 'hibernate.transaction.jta.platform' to enable JTA platform integration)
2026-09-10T18:09:39.710+05:30  INFO 26588 --- [zellpayment-api] [restartedMain] j.LocalContainerEntityManagerFactoryBean : Initialized JPA EntityManagerFactory for persistence unit 'default'
2026-09-10T18:09:39.800+05:30  WARN 26588 --- [zellpayment-api] [restartedMain] JpaBaseConfiguration$JpaWebConfiguration : spring.jpa.open-in-view is enabled by default. Therefore, database queries may be performed during view rendering. Explicitly configure spring.jpa.open-in-view to disable this warning
2026-09-10T18:09:40.207+05:30  INFO 26588 --- [zellpayment-api] [restartedMain] org.mongodb.driver.client                : MongoClient with metadata {"driver": {"name": "mongo-java-driver|spring-boot|sync", "version": "5.8.1"}, "os": {"type": "Windows", "name": "Windows 11", "architecture": "amd64", "version": "10.0"}, "platform": "Java/Oracle Corporation/26.0.2.1+1-7"} created with settings MongoClientSettings{readPreference=primary, writeConcern=WriteConcern{w=null, wTimeout=null ms, journal=null}, retryWrites=true, retryReads=true, readConcern=ReadConcern{level=null}, credential=null, transportSettings=null, commandListeners=[io.micrometer.core.instrument.binder.mongodb.MongoMetricsCommandListener@35440dcf], codecRegistry=ProvidersCodecRegistry{codecProviders=[ValueCodecProvider{}, BsonValueCodecProvider{}, DBRefCodecProvider{}, DBObjectCodecProvider{}, DocumentCodecProvider{}, CollectionCodecProvider{}, IterableCodecProvider{}, MapCodecProvider{}, GeoJsonCodecProvider{}, GridFSFileCodecProvider{}, Jsr310CodecProvider{}, JsonObjectCodecProvider{}, BsonCodecProvider{}, com.mongodb.client.model.mql.ExpressionCodecProvider@5f0f3011, com.mongodb.Jep395RecordCodecProvider@b0a294d, com.mongodb.KotlinCodecProvider@4a853ec8, EnumCodecProvider{}]}, loggerSettings=LoggerSettings{maxDocumentLength=1000}, clusterSettings={hosts=[localhost:27017], srvServiceName=mongodb, mode=SINGLE, requiredClusterType=UNKNOWN, requiredReplicaSetName='null', serverSelector='null', clusterListeners='[]', serverSelectionTimeout='30000 ms', localThreshold='15 ms'}, socketSettings=SocketSettings{connectTimeoutMS=10000, readTimeoutMS=0, receiveBufferSize=0, proxySettings=ProxySettings{host=null, port=null, username=null, password=null}}, heartbeatSocketSettings=SocketSettings{connectTimeoutMS=10000, readTimeoutMS=10000, receiveBufferSize=0, proxySettings=ProxySettings{host=null, port=null, username=null, password=null}}, connectionPoolSettings=ConnectionPoolSettings{maxSize=100, minSize=0, maxWaitTimeMS=120000, maxConnectionLifeTimeMS=0, maxConnectionIdleTimeMS=0, maintenanceInitialDelayMS=0, maintenanceFrequencyMS=60000, connectionPoolListeners=[io.micrometer.core.instrument.binder.mongodb.MongoMetricsConnectionPoolListener@318685ab], maxConnecting=2}, serverSettings=ServerSettings{heartbeatFrequencyMS=10000, minHeartbeatFrequencyMS=500, serverMonitoringMode=AUTO, serverListeners='[]', serverMonitorListeners='[]'}, sslSettings=SslSettings{enabled=false, invalidHostNameAllowed=false, context=null}, applicationName='null', compressorList=[], uuidRepresentation=UNSPECIFIED, serverApi=null, autoEncryptionSettings=null, dnsClient=null, inetAddressResolver=null, contextProvider=null, timeoutMS=null}
2026-09-10T18:09:40.220+05:30  INFO 26588 --- [zellpayment-api] [cluster-6aa2a50c59ff9df356e6a2fc-localhost:27017] org.mongodb.driver.cluster               : Monitor thread successfully connected to server with description ServerDescription{address=localhost:27017, type=STANDALONE, cryptd=false, state=CONNECTED, ok=true, minWireVersion=0, maxWireVersion=28, maxDocumentSize=16777216, logicalSessionTimeoutMinutes=30, roundTripTimeNanos=18154300, minRoundTripTimeNanos=0}
2026-09-10T18:09:40.432+05:30  INFO 26588 --- [zellpayment-api] [restartedMain] o.s.b.a.e.web.EndpointLinksResolver      : Exposing 1 endpoint beneath base path '/actuator'
2026-09-10T18:09:40.484+05:30  INFO 26588 --- [zellpayment-api] [restartedMain] o.s.boot.tomcat.TomcatWebServer          : Tomcat started on port 9092 (http) with context path '/'
2026-09-10T18:09:40.491+05:30  INFO 26588 --- [zellpayment-api] [restartedMain] c.zellpayment.ZellpaymentApiApplication  : Started ZellpaymentApiApplication in 4.489 seconds (process running for 4.999)
2026-09-10T18:09:40.496+05:30  WARN 26588 --- [zellpayment-api] [restartedMain] o.s.core.events.SpringDocAppInitializer  : SpringDoc /v3/api-docs endpoint is enabled by default. To disable it in production, set the property 'springdoc.api-docs.enabled=false'
2026-09-10T18:09:40.497+05:30  WARN 26588 --- [zellpayment-api] [restartedMain] o.s.core.events.SpringDocAppInitializer  : SpringDoc /swagger-ui.html endpoint is enabled by default. To disable it in production, set the property 'springdoc.swagger-ui.enabled=false'
2026-09-10T18:09:40.497+05:30  INFO 26588 --- [zellpayment-api] [restartedMain] c.zellpayment.ZellpaymentApiApplication  : ZellpaymentApiApplication started
2026-09-10T18:31:23.609+05:30  INFO 26588 --- [zellpayment-api] [SpringApplicationShutdownHook] o.s.boot.tomcat.GracefulShutdown         : Commencing graceful shutdown. Waiting for active requests to complete
2026-09-10T18:31:23.613+05:30  INFO 26588 --- [zellpayment-api] [tomcat-shutdown] o.s.boot.tomcat.GracefulShutdown         : Graceful shutdown complete
2026-09-10T18:31:23.619+05:30  INFO 26588 --- [zellpayment-api] [SpringApplicationShutdownHook] j.LocalContainerEntityManagerFactoryBean : Closing JPA EntityManagerFactory for persistence unit 'default'
2026-09-10T18:31:23.621+05:30  INFO 26588 --- [zellpayment-api] [SpringApplicationShutdownHook] com.zaxxer.hikari.HikariDataSource       : HikariPool-1 - Shutdown initiated...
2026-09-10T18:31:23.626+05:30  INFO 26588 --- [zellpayment-api] [SpringApplicationShutdownHook] com.zaxxer.hikari.HikariDataSource       : HikariPool-1 - Shutdown completed.
2026-09-10T18:31:26.694+05:30  INFO 19600 --- [zellpayment-api] [restartedMain] c.zellpayment.ZellpaymentApiApplication  : Starting ZellpaymentApiApplication using Java 26.0.2.1 with PID 19600 (C:\Xworkz Internship\zellpayment-api\zellpayment-api\build\classes\java\main started by SHASHANK in C:\Xworkz Internship\zellpayment-api\zellpayment-api)
2026-09-10T18:31:26.696+05:30 DEBUG 19600 --- [zellpayment-api] [restartedMain] c.zellpayment.ZellpaymentApiApplication  : Running with Spring Boot v4.1.1, Spring v7.0.9
2026-09-10T18:31:26.697+05:30  INFO 19600 --- [zellpayment-api] [restartedMain] c.zellpayment.ZellpaymentApiApplication  : The following 1 profile is active: "uat"
2026-09-10T18:31:26.771+05:30  INFO 19600 --- [zellpayment-api] [restartedMain] o.s.b.devtools.restart.ChangeableUrls    : The Class-Path manifest attribute in C:\Users\SHASHANK\.gradle\caches\modules-2\files-2.1\com.oracle.database.jdbc\ojdbc11\23.26.3.0.0\6936aba69cb7142aac36a53ed920af563b0e1dd1\ojdbc11-23.26.3.0.0.jar referenced one or more files that do not exist: file:/C:/Users/SHASHANK/.gradle/caches/modules-2/files-2.1/com.oracle.database.jdbc/ojdbc11/23.26.3.0.0/6936aba69cb7142aac36a53ed920af563b0e1dd1/oraclepki.jar
2026-09-10T18:31:26.771+05:30  INFO 19600 --- [zellpayment-api] [restartedMain] .e.DevToolsPropertyDefaultsPostProcessor : Devtools property defaults active! Set 'spring.devtools.add-properties' to 'false' to disable
2026-09-10T18:31:26.771+05:30  INFO 19600 --- [zellpayment-api] [restartedMain] .e.DevToolsPropertyDefaultsPostProcessor : For additional web related logging consider setting the 'logging.level.web' property to 'DEBUG'
2026-09-10T18:31:27.687+05:30  INFO 19600 --- [zellpayment-api] [restartedMain] .s.d.r.c.RepositoryConfigurationDelegate : Multiple Spring Data modules found, entering strict repository configuration mode
2026-09-10T18:31:27.689+05:30  INFO 19600 --- [zellpayment-api] [restartedMain] .s.d.r.c.RepositoryConfigurationDelegate : Bootstrapping Spring Data JPA repositories in DEFAULT mode.
2026-09-10T18:31:27.705+05:30  INFO 19600 --- [zellpayment-api] [restartedMain] .s.d.r.c.RepositoryConfigurationDelegate : Finished Spring Data repository scanning in 8 ms. Found 0 JPA repository interfaces.
2026-09-10T18:31:27.765+05:30  INFO 19600 --- [zellpayment-api] [restartedMain] .s.d.r.c.RepositoryConfigurationDelegate : Multiple Spring Data modules found, entering strict repository configuration mode
2026-09-10T18:31:27.765+05:30  INFO 19600 --- [zellpayment-api] [restartedMain] .s.d.r.c.RepositoryConfigurationDelegate : Bootstrapping Spring Data MongoDB repositories in DEFAULT mode.
2026-09-10T18:31:27.770+05:30  INFO 19600 --- [zellpayment-api] [restartedMain] .s.d.r.c.RepositoryConfigurationDelegate : Finished Spring Data repository scanning in 2 ms. Found 0 MongoDB repository interfaces.
2026-09-10T18:31:28.556+05:30  INFO 19600 --- [zellpayment-api] [restartedMain] o.s.boot.tomcat.TomcatWebServer          : Tomcat initialized with port 9092 (http)
2026-09-10T18:31:28.571+05:30  INFO 19600 --- [zellpayment-api] [restartedMain] o.apache.catalina.core.StandardService   : Starting service [Tomcat]
2026-09-10T18:31:28.572+05:30  INFO 19600 --- [zellpayment-api] [restartedMain] o.apache.catalina.core.StandardEngine    : Starting Servlet engine: [Apache Tomcat/11.0.24]
2026-09-10T18:31:28.617+05:30  INFO 19600 --- [zellpayment-api] [restartedMain] b.w.c.s.WebApplicationContextInitializer : Root WebApplicationContext: initialization completed in 1845 ms
2026-09-10T18:31:28.738+05:30  WARN 19600 --- [zellpayment-api] [restartedMain] ConfigServletWebServerApplicationContext : Exception encountered during context initialization - cancelling refresh attempt: org.springframework.beans.factory.BeanCreationException: Error creating bean with name 'entityManagerFactory' defined in class path resource [org/springframework/boot/hibernate/autoconfigure/HibernateJpaConfiguration.class]: Failed to initialize dependency 'inMemoryDatabaseShutdownExecutor' of LoadTimeWeaverAware bean 'entityManagerFactory': Error creating bean with name 'inMemoryDatabaseShutdownExecutor' defined in class path resource [org/springframework/boot/devtools/autoconfigure/DevToolsDataSourceAutoConfiguration.class]: Unsatisfied dependency expressed through method 'inMemoryDatabaseShutdownExecutor' parameter 0: Error creating bean with name 'dataSource' defined in class path resource [org/springframework/boot/jdbc/autoconfigure/DataSourceConfiguration$Hikari.class]: Failed to instantiate [com.zaxxer.hikari.HikariDataSource]: Factory method 'dataSource' threw exception with message: Failed to determine a suitable driver class
2026-09-10T18:31:28.741+05:30  INFO 19600 --- [zellpayment-api] [restartedMain] o.apache.catalina.core.StandardService   : Stopping service [Tomcat]
2026-09-10T18:31:28.869+05:30  INFO 19600 --- [zellpayment-api] [restartedMain] .s.b.a.l.ConditionEvaluationReportLogger : 

Error starting ApplicationContext. To display the condition evaluation report re-run your application with 'debug' enabled.
2026-09-10T18:31:28.881+05:30 ERROR 19600 --- [zellpayment-api] [restartedMain] o.s.b.d.LoggingFailureAnalysisReporter   : 

***************************
APPLICATION FAILED TO START
***************************

Description:

Failed to configure a DataSource: 'url' attribute is not specified and no embedded datasource could be configured.

Reason: Failed to determine a suitable driver class


Action:

Consider the following:
	If you want an embedded database (H2, HSQL or Derby), please put it on the classpath.
	If you have database settings to be loaded from a particular profile you may need to activate it (the profiles uat are currently active).

2026-09-10T18:31:40.744+05:30  INFO 27172 --- [zellpayment-api] [restartedMain] c.zellpayment.ZellpaymentApiApplication  : Starting ZellpaymentApiApplication using Java 26.0.2.1 with PID 27172 (C:\Xworkz Internship\zellpayment-api\zellpayment-api\build\classes\java\main started by SHASHANK in C:\Xworkz Internship\zellpayment-api\zellpayment-api)
2026-09-10T18:31:40.747+05:30 DEBUG 27172 --- [zellpayment-api] [restartedMain] c.zellpayment.ZellpaymentApiApplication  : Running with Spring Boot v4.1.1, Spring v7.0.9
2026-09-10T18:31:40.748+05:30  INFO 27172 --- [zellpayment-api] [restartedMain] c.zellpayment.ZellpaymentApiApplication  : The following 1 profile is active: "uat"
2026-09-10T18:31:40.806+05:30  INFO 27172 --- [zellpayment-api] [restartedMain] o.s.b.devtools.restart.ChangeableUrls    : The Class-Path manifest attribute in C:\Users\SHASHANK\.gradle\caches\modules-2\files-2.1\com.oracle.database.jdbc\ojdbc11\23.26.3.0.0\6936aba69cb7142aac36a53ed920af563b0e1dd1\ojdbc11-23.26.3.0.0.jar referenced one or more files that do not exist: file:/C:/Users/SHASHANK/.gradle/caches/modules-2/files-2.1/com.oracle.database.jdbc/ojdbc11/23.26.3.0.0/6936aba69cb7142aac36a53ed920af563b0e1dd1/oraclepki.jar
2026-09-10T18:31:40.807+05:30  INFO 27172 --- [zellpayment-api] [restartedMain] .e.DevToolsPropertyDefaultsPostProcessor : Devtools property defaults active! Set 'spring.devtools.add-properties' to 'false' to disable
2026-09-10T18:31:40.807+05:30  INFO 27172 --- [zellpayment-api] [restartedMain] .e.DevToolsPropertyDefaultsPostProcessor : For additional web related logging consider setting the 'logging.level.web' property to 'DEBUG'
2026-09-10T18:31:41.863+05:30  INFO 27172 --- [zellpayment-api] [restartedMain] .s.d.r.c.RepositoryConfigurationDelegate : Multiple Spring Data modules found, entering strict repository configuration mode
2026-09-10T18:31:41.865+05:30  INFO 27172 --- [zellpayment-api] [restartedMain] .s.d.r.c.RepositoryConfigurationDelegate : Bootstrapping Spring Data JPA repositories in DEFAULT mode.
2026-09-10T18:31:41.884+05:30  INFO 27172 --- [zellpayment-api] [restartedMain] .s.d.r.c.RepositoryConfigurationDelegate : Finished Spring Data repository scanning in 9 ms. Found 0 JPA repository interfaces.
2026-09-10T18:31:41.910+05:30  INFO 27172 --- [zellpayment-api] [restartedMain] .s.d.r.c.RepositoryConfigurationDelegate : Multiple Spring Data modules found, entering strict repository configuration mode
2026-09-10T18:31:41.911+05:30  INFO 27172 --- [zellpayment-api] [restartedMain] .s.d.r.c.RepositoryConfigurationDelegate : Bootstrapping Spring Data MongoDB repositories in DEFAULT mode.
2026-09-10T18:31:41.913+05:30  INFO 27172 --- [zellpayment-api] [restartedMain] .s.d.r.c.RepositoryConfigurationDelegate : Finished Spring Data repository scanning in 0 ms. Found 0 MongoDB repository interfaces.
2026-09-10T18:31:42.385+05:30  INFO 27172 --- [zellpayment-api] [restartedMain] o.s.boot.tomcat.TomcatWebServer          : Tomcat initialized with port 9092 (http)
2026-09-10T18:31:42.401+05:30  INFO 27172 --- [zellpayment-api] [restartedMain] o.apache.catalina.core.StandardService   : Starting service [Tomcat]
2026-09-10T18:31:42.403+05:30  INFO 27172 --- [zellpayment-api] [restartedMain] o.apache.catalina.core.StandardEngine    : Starting Servlet engine: [Apache Tomcat/11.0.24]
2026-09-10T18:31:42.453+05:30  INFO 27172 --- [zellpayment-api] [restartedMain] b.w.c.s.WebApplicationContextInitializer : Root WebApplicationContext: initialization completed in 1645 ms
2026-09-10T18:31:42.785+05:30  INFO 27172 --- [zellpayment-api] [restartedMain] com.zaxxer.hikari.HikariDataSource       : HikariPool-1 - Starting...
2026-09-10T18:31:43.000+05:30  INFO 27172 --- [zellpayment-api] [restartedMain] com.zaxxer.hikari.pool.HikariPool        : HikariPool-1 - Added connection oracle.jdbc.driver.T4CConnection@f5d566d
2026-09-10T18:31:43.003+05:30  INFO 27172 --- [zellpayment-api] [restartedMain] com.zaxxer.hikari.HikariDataSource       : HikariPool-1 - Start completed.
2026-09-10T18:31:43.033+05:30  INFO 27172 --- [zellpayment-api] [restartedMain] org.hibernate.orm.jpa                    : HHH008540: Processing PersistenceUnitInfo [name: default]
2026-09-10T18:31:43.074+05:30  INFO 27172 --- [zellpayment-api] [restartedMain] org.hibernate.orm.core                   : HHH000001: Hibernate ORM core version 7.4.5.Final
2026-09-10T18:31:43.510+05:30  INFO 27172 --- [zellpayment-api] [restartedMain] o.s.o.j.p.SpringPersistenceUnitInfo      : No LoadTimeWeaver setup: ignoring JPA class transformer
2026-09-10T18:31:43.735+05:30  WARN 27172 --- [zellpayment-api] [restartedMain] org.hibernate.orm.core                   : HHH000511: The 11.2.0 version for [org.hibernate.dialect.OracleDialect] is no longer supported, hence certain features may not work properly.The minimum supported version is 19.0.0. Check the community dialects project for available legacy versions.
2026-09-10T18:31:43.780+05:30  WARN 27172 --- [zellpayment-api] [restartedMain] org.hibernate.orm.jdbc                   : HHH100123: Low default JDBC fetch size: 10 (consider setting 'hibernate.jdbc.fetch_size')
2026-09-10T18:31:43.786+05:30  INFO 27172 --- [zellpayment-api] [restartedMain] org.hibernate.orm.connections.pooling    : HHH10001005: Database info:
	Database JDBC URL [jdbc:oracle:thin:@localhost:1521:xe]
	Database driver: Oracle JDBC driver
	Database dialect: OracleDialect
	Database version: 11.2
	Default catalog/schema: undefined/SYSTEM
	Autocommit mode: undefined/unknown
	Isolation level: READ_COMMITTED [default READ_COMMITTED]
	JDBC fetch size: 10
	Pool: DataSourceConnectionProvider
	Minimum pool size: undefined/unknown
	Maximum pool size: undefined/unknown
2026-09-10T18:31:44.157+05:30  INFO 27172 --- [zellpayment-api] [restartedMain] org.hibernate.orm.core                   : HHH000489: No JTA platform available (set 'hibernate.transaction.jta.platform' to enable JTA platform integration)
2026-09-10T18:31:44.164+05:30  INFO 27172 --- [zellpayment-api] [restartedMain] j.LocalContainerEntityManagerFactoryBean : Initialized JPA EntityManagerFactory for persistence unit 'default'
2026-09-10T18:31:44.275+05:30  WARN 27172 --- [zellpayment-api] [restartedMain] JpaBaseConfiguration$JpaWebConfiguration : spring.jpa.open-in-view is enabled by default. Therefore, database queries may be performed during view rendering. Explicitly configure spring.jpa.open-in-view to disable this warning
2026-09-10T18:31:44.749+05:30  INFO 27172 --- [zellpayment-api] [restartedMain] org.mongodb.driver.client                : MongoClient with metadata {"driver": {"name": "mongo-java-driver|spring-boot|sync", "version": "5.8.1"}, "os": {"type": "Windows", "name": "Windows 11", "architecture": "amd64", "version": "10.0"}, "platform": "Java/Oracle Corporation/26.0.2.1+1-7"} created with settings MongoClientSettings{readPreference=primary, writeConcern=WriteConcern{w=null, wTimeout=null ms, journal=null}, retryWrites=true, retryReads=true, readConcern=ReadConcern{level=null}, credential=null, transportSettings=null, commandListeners=[io.micrometer.core.instrument.binder.mongodb.MongoMetricsCommandListener@3e0e4f89], codecRegistry=ProvidersCodecRegistry{codecProviders=[ValueCodecProvider{}, BsonValueCodecProvider{}, DBRefCodecProvider{}, DBObjectCodecProvider{}, DocumentCodecProvider{}, CollectionCodecProvider{}, IterableCodecProvider{}, MapCodecProvider{}, GeoJsonCodecProvider{}, GridFSFileCodecProvider{}, Jsr310CodecProvider{}, JsonObjectCodecProvider{}, BsonCodecProvider{}, com.mongodb.client.model.mql.ExpressionCodecProvider@21d9822e, com.mongodb.Jep395RecordCodecProvider@7eb401f, com.mongodb.KotlinCodecProvider@a5ace5c, EnumCodecProvider{}]}, loggerSettings=LoggerSettings{maxDocumentLength=1000}, clusterSettings={hosts=[localhost:27017], srvServiceName=mongodb, mode=SINGLE, requiredClusterType=UNKNOWN, requiredReplicaSetName='null', serverSelector='null', clusterListeners='[]', serverSelectionTimeout='30000 ms', localThreshold='15 ms'}, socketSettings=SocketSettings{connectTimeoutMS=10000, readTimeoutMS=0, receiveBufferSize=0, proxySettings=ProxySettings{host=null, port=null, username=null, password=null}}, heartbeatSocketSettings=SocketSettings{connectTimeoutMS=10000, readTimeoutMS=10000, receiveBufferSize=0, proxySettings=ProxySettings{host=null, port=null, username=null, password=null}}, connectionPoolSettings=ConnectionPoolSettings{maxSize=100, minSize=0, maxWaitTimeMS=120000, maxConnectionLifeTimeMS=0, maxConnectionIdleTimeMS=0, maintenanceInitialDelayMS=0, maintenanceFrequencyMS=60000, connectionPoolListeners=[io.micrometer.core.instrument.binder.mongodb.MongoMetricsConnectionPoolListener@b88414a], maxConnecting=2}, serverSettings=ServerSettings{heartbeatFrequencyMS=10000, minHeartbeatFrequencyMS=500, serverMonitoringMode=AUTO, serverListeners='[]', serverMonitorListeners='[]'}, sslSettings=SslSettings{enabled=false, invalidHostNameAllowed=false, context=null}, applicationName='null', compressorList=[], uuidRepresentation=UNSPECIFIED, serverApi=null, autoEncryptionSettings=null, dnsClient=null, inetAddressResolver=null, contextProvider=null, timeoutMS=null}
2026-09-10T18:31:44.764+05:30  INFO 27172 --- [zellpayment-api] [cluster-6aa2aa3823ad542915e51303-localhost:27017] org.mongodb.driver.cluster               : Monitor thread successfully connected to server with description ServerDescription{address=localhost:27017, type=STANDALONE, cryptd=false, state=CONNECTED, ok=true, minWireVersion=0, maxWireVersion=28, maxDocumentSize=16777216, logicalSessionTimeoutMinutes=30, roundTripTimeNanos=19901100, minRoundTripTimeNanos=0}
2026-09-10T18:31:45.000+05:30  INFO 27172 --- [zellpayment-api] [restartedMain] o.s.b.a.e.web.EndpointLinksResolver      : Exposing 1 endpoint beneath base path '/actuator'
2026-09-10T18:31:45.061+05:30  INFO 27172 --- [zellpayment-api] [restartedMain] o.s.boot.tomcat.TomcatWebServer          : Tomcat started on port 9092 (http) with context path '/'
2026-09-10T18:31:45.070+05:30  INFO 27172 --- [zellpayment-api] [restartedMain] c.zellpayment.ZellpaymentApiApplication  : Started ZellpaymentApiApplication in 4.863 seconds (process running for 5.417)
2026-09-10T18:31:45.075+05:30  WARN 27172 --- [zellpayment-api] [restartedMain] o.s.core.events.SpringDocAppInitializer  : SpringDoc /v3/api-docs endpoint is enabled by default. To disable it in production, set the property 'springdoc.api-docs.enabled=false'
2026-09-10T18:31:45.076+05:30  WARN 27172 --- [zellpayment-api] [restartedMain] o.s.core.events.SpringDocAppInitializer  : SpringDoc /swagger-ui.html endpoint is enabled by default. To disable it in production, set the property 'springdoc.swagger-ui.enabled=false'
2026-09-10T18:31:45.076+05:30  INFO 27172 --- [zellpayment-api] [restartedMain] c.zellpayment.ZellpaymentApiApplication  : ZellpaymentApiApplication started
2026-09-10T18:35:04.979+05:30  INFO 27172 --- [zellpayment-api] [SpringApplicationShutdownHook] o.s.boot.tomcat.GracefulShutdown         : Commencing graceful shutdown. Waiting for active requests to complete
2026-09-10T18:35:04.984+05:30  INFO 27172 --- [zellpayment-api] [tomcat-shutdown] o.s.boot.tomcat.GracefulShutdown         : Graceful shutdown complete
2026-09-10T18:35:04.990+05:30  INFO 27172 --- [zellpayment-api] [SpringApplicationShutdownHook] j.LocalContainerEntityManagerFactoryBean : Closing JPA EntityManagerFactory for persistence unit 'default'
2026-09-10T18:35:04.993+05:30  INFO 27172 --- [zellpayment-api] [SpringApplicationShutdownHook] com.zaxxer.hikari.HikariDataSource       : HikariPool-1 - Shutdown initiated...
2026-09-10T18:35:05.002+05:30  INFO 27172 --- [zellpayment-api] [SpringApplicationShutdownHook] com.zaxxer.hikari.HikariDataSource       : HikariPool-1 - Shutdown completed.
2026-09-10T18:35:08.084+05:30  INFO 30688 --- [zellpayment-api] [restartedMain] c.zellpayment.ZellpaymentApiApplication  : Starting ZellpaymentApiApplication using Java 26.0.2.1 with PID 30688 (C:\Xworkz Internship\zellpayment-api\zellpayment-api\build\classes\java\main started by SHASHANK in C:\Xworkz Internship\zellpayment-api\zellpayment-api)
2026-09-10T18:35:08.086+05:30 DEBUG 30688 --- [zellpayment-api] [restartedMain] c.zellpayment.ZellpaymentApiApplication  : Running with Spring Boot v4.1.1, Spring v7.0.9
2026-09-10T18:35:08.086+05:30  INFO 30688 --- [zellpayment-api] [restartedMain] c.zellpayment.ZellpaymentApiApplication  : The following 1 profile is active: "uat"
2026-09-10T18:35:08.139+05:30  INFO 30688 --- [zellpayment-api] [restartedMain] o.s.b.devtools.restart.ChangeableUrls    : The Class-Path manifest attribute in C:\Users\SHASHANK\.gradle\caches\modules-2\files-2.1\com.oracle.database.jdbc\ojdbc11\23.26.3.0.0\6936aba69cb7142aac36a53ed920af563b0e1dd1\ojdbc11-23.26.3.0.0.jar referenced one or more files that do not exist: file:/C:/Users/SHASHANK/.gradle/caches/modules-2/files-2.1/com.oracle.database.jdbc/ojdbc11/23.26.3.0.0/6936aba69cb7142aac36a53ed920af563b0e1dd1/oraclepki.jar
2026-09-10T18:35:08.139+05:30  INFO 30688 --- [zellpayment-api] [restartedMain] .e.DevToolsPropertyDefaultsPostProcessor : Devtools property defaults active! Set 'spring.devtools.add-properties' to 'false' to disable
2026-09-10T18:35:08.139+05:30  INFO 30688 --- [zellpayment-api] [restartedMain] .e.DevToolsPropertyDefaultsPostProcessor : For additional web related logging consider setting the 'logging.level.web' property to 'DEBUG'
2026-09-10T18:35:09.349+05:30  INFO 30688 --- [zellpayment-api] [restartedMain] .s.d.r.c.RepositoryConfigurationDelegate : Multiple Spring Data modules found, entering strict repository configuration mode
2026-09-10T18:35:09.351+05:30  INFO 30688 --- [zellpayment-api] [restartedMain] .s.d.r.c.RepositoryConfigurationDelegate : Bootstrapping Spring Data JPA repositories in DEFAULT mode.
2026-09-10T18:35:09.381+05:30  INFO 30688 --- [zellpayment-api] [restartedMain] .s.d.r.c.RepositoryConfigurationDelegate : Finished Spring Data repository scanning in 10 ms. Found 0 JPA repository interfaces.
2026-09-10T18:35:09.412+05:30  INFO 30688 --- [zellpayment-api] [restartedMain] .s.d.r.c.RepositoryConfigurationDelegate : Multiple Spring Data modules found, entering strict repository configuration mode
2026-09-10T18:35:09.412+05:30  INFO 30688 --- [zellpayment-api] [restartedMain] .s.d.r.c.RepositoryConfigurationDelegate : Bootstrapping Spring Data MongoDB repositories in DEFAULT mode.
2026-09-10T18:35:09.415+05:30  INFO 30688 --- [zellpayment-api] [restartedMain] .s.d.r.c.RepositoryConfigurationDelegate : Finished Spring Data repository scanning in 1 ms. Found 0 MongoDB repository interfaces.
2026-09-10T18:35:09.902+05:30  INFO 30688 --- [zellpayment-api] [restartedMain] o.s.boot.tomcat.TomcatWebServer          : Tomcat initialized with port 9092 (http)
2026-09-10T18:35:09.925+05:30  INFO 30688 --- [zellpayment-api] [restartedMain] o.apache.catalina.core.StandardService   : Starting service [Tomcat]
2026-09-10T18:35:09.925+05:30  INFO 30688 --- [zellpayment-api] [restartedMain] o.apache.catalina.core.StandardEngine    : Starting Servlet engine: [Apache Tomcat/11.0.24]
2026-09-10T18:35:09.976+05:30  INFO 30688 --- [zellpayment-api] [restartedMain] b.w.c.s.WebApplicationContextInitializer : Root WebApplicationContext: initialization completed in 1836 ms
2026-09-10T18:35:10.268+05:30  INFO 30688 --- [zellpayment-api] [restartedMain] com.zaxxer.hikari.HikariDataSource       : HikariPool-1 - Starting...
2026-09-10T18:35:10.539+05:30  INFO 30688 --- [zellpayment-api] [restartedMain] com.zaxxer.hikari.pool.HikariPool        : HikariPool-1 - Added connection oracle.jdbc.driver.T4CConnection@c108b21
2026-09-10T18:35:10.541+05:30  INFO 30688 --- [zellpayment-api] [restartedMain] com.zaxxer.hikari.HikariDataSource       : HikariPool-1 - Start completed.
2026-09-10T18:35:10.572+05:30  INFO 30688 --- [zellpayment-api] [restartedMain] org.hibernate.orm.jpa                    : HHH008540: Processing PersistenceUnitInfo [name: default]
2026-09-10T18:35:10.621+05:30  INFO 30688 --- [zellpayment-api] [restartedMain] org.hibernate.orm.core                   : HHH000001: Hibernate ORM core version 7.4.5.Final
2026-09-10T18:35:11.058+05:30  INFO 30688 --- [zellpayment-api] [restartedMain] o.s.o.j.p.SpringPersistenceUnitInfo      : No LoadTimeWeaver setup: ignoring JPA class transformer
2026-09-10T18:35:11.267+05:30  WARN 30688 --- [zellpayment-api] [restartedMain] org.hibernate.orm.core                   : HHH000511: The 11.2.0 version for [org.hibernate.dialect.OracleDialect] is no longer supported, hence certain features may not work properly.The minimum supported version is 19.0.0. Check the community dialects project for available legacy versions.
2026-09-10T18:35:11.316+05:30  WARN 30688 --- [zellpayment-api] [restartedMain] org.hibernate.orm.jdbc                   : HHH100123: Low default JDBC fetch size: 10 (consider setting 'hibernate.jdbc.fetch_size')
2026-09-10T18:35:11.320+05:30  INFO 30688 --- [zellpayment-api] [restartedMain] org.hibernate.orm.connections.pooling    : HHH10001005: Database info:
	Database JDBC URL [jdbc:oracle:thin:@localhost:1521:xe]
	Database driver: Oracle JDBC driver
	Database dialect: OracleDialect
	Database version: 11.2
	Default catalog/schema: undefined/SYSTEM
	Autocommit mode: undefined/unknown
	Isolation level: READ_COMMITTED [default READ_COMMITTED]
	JDBC fetch size: 10
	Pool: DataSourceConnectionProvider
	Minimum pool size: undefined/unknown
	Maximum pool size: undefined/unknown
2026-09-10T18:35:11.709+05:30  INFO 30688 --- [zellpayment-api] [restartedMain] org.hibernate.orm.core                   : HHH000489: No JTA platform available (set 'hibernate.transaction.jta.platform' to enable JTA platform integration)
2026-09-10T18:35:11.716+05:30  INFO 30688 --- [zellpayment-api] [restartedMain] j.LocalContainerEntityManagerFactoryBean : Initialized JPA EntityManagerFactory for persistence unit 'default'
2026-09-10T18:35:11.823+05:30  WARN 30688 --- [zellpayment-api] [restartedMain] JpaBaseConfiguration$JpaWebConfiguration : spring.jpa.open-in-view is enabled by default. Therefore, database queries may be performed during view rendering. Explicitly configure spring.jpa.open-in-view to disable this warning
2026-09-10T18:35:12.289+05:30  INFO 30688 --- [zellpayment-api] [restartedMain] org.mongodb.driver.client                : MongoClient with metadata {"driver": {"name": "mongo-java-driver|spring-boot|sync", "version": "5.8.1"}, "os": {"type": "Windows", "name": "Windows 11", "architecture": "amd64", "version": "10.0"}, "platform": "Java/Oracle Corporation/26.0.2.1+1-7"} created with settings MongoClientSettings{readPreference=primary, writeConcern=WriteConcern{w=null, wTimeout=null ms, journal=null}, retryWrites=true, retryReads=true, readConcern=ReadConcern{level=null}, credential=null, transportSettings=null, commandListeners=[io.micrometer.core.instrument.binder.mongodb.MongoMetricsCommandListener@5fb76e76], codecRegistry=ProvidersCodecRegistry{codecProviders=[ValueCodecProvider{}, BsonValueCodecProvider{}, DBRefCodecProvider{}, DBObjectCodecProvider{}, DocumentCodecProvider{}, CollectionCodecProvider{}, IterableCodecProvider{}, MapCodecProvider{}, GeoJsonCodecProvider{}, GridFSFileCodecProvider{}, Jsr310CodecProvider{}, JsonObjectCodecProvider{}, BsonCodecProvider{}, com.mongodb.client.model.mql.ExpressionCodecProvider@6260a1da, com.mongodb.Jep395RecordCodecProvider@3f56ee31, com.mongodb.KotlinCodecProvider@6322efa9, EnumCodecProvider{}]}, loggerSettings=LoggerSettings{maxDocumentLength=1000}, clusterSettings={hosts=[localhost:27017], srvServiceName=mongodb, mode=SINGLE, requiredClusterType=UNKNOWN, requiredReplicaSetName='null', serverSelector='null', clusterListeners='[]', serverSelectionTimeout='30000 ms', localThreshold='15 ms'}, socketSettings=SocketSettings{connectTimeoutMS=10000, readTimeoutMS=0, receiveBufferSize=0, proxySettings=ProxySettings{host=null, port=null, username=null, password=null}}, heartbeatSocketSettings=SocketSettings{connectTimeoutMS=10000, readTimeoutMS=10000, receiveBufferSize=0, proxySettings=ProxySettings{host=null, port=null, username=null, password=null}}, connectionPoolSettings=ConnectionPoolSettings{maxSize=100, minSize=0, maxWaitTimeMS=120000, maxConnectionLifeTimeMS=0, maxConnectionIdleTimeMS=0, maintenanceInitialDelayMS=0, maintenanceFrequencyMS=60000, connectionPoolListeners=[io.micrometer.core.instrument.binder.mongodb.MongoMetricsConnectionPoolListener@7d3541a7], maxConnecting=2}, serverSettings=ServerSettings{heartbeatFrequencyMS=10000, minHeartbeatFrequencyMS=500, serverMonitoringMode=AUTO, serverListeners='[]', serverMonitorListeners='[]'}, sslSettings=SslSettings{enabled=false, invalidHostNameAllowed=false, context=null}, applicationName='null', compressorList=[], uuidRepresentation=UNSPECIFIED, serverApi=null, autoEncryptionSettings=null, dnsClient=null, inetAddressResolver=null, contextProvider=null, timeoutMS=null}
2026-09-10T18:35:12.304+05:30  INFO 30688 --- [zellpayment-api] [cluster-6aa2ab084222e9a7588ebaba-localhost:27017] org.mongodb.driver.cluster               : Monitor thread successfully connected to server with description ServerDescription{address=localhost:27017, type=STANDALONE, cryptd=false, state=CONNECTED, ok=true, minWireVersion=0, maxWireVersion=28, maxDocumentSize=16777216, logicalSessionTimeoutMinutes=30, roundTripTimeNanos=17893800, minRoundTripTimeNanos=0}
2026-09-10T18:35:12.552+05:30  INFO 30688 --- [zellpayment-api] [restartedMain] o.s.b.a.e.web.EndpointLinksResolver      : Exposing 1 endpoint beneath base path '/actuator'
2026-09-10T18:35:12.613+05:30  INFO 30688 --- [zellpayment-api] [restartedMain] o.s.boot.tomcat.TomcatWebServer          : Tomcat started on port 9092 (http) with context path '/'
2026-09-10T18:35:12.623+05:30  INFO 30688 --- [zellpayment-api] [restartedMain] c.zellpayment.ZellpaymentApiApplication  : Started ZellpaymentApiApplication in 5.103 seconds (process running for 5.739)
2026-09-10T18:35:12.629+05:30  WARN 30688 --- [zellpayment-api] [restartedMain] o.s.core.events.SpringDocAppInitializer  : SpringDoc /v3/api-docs endpoint is enabled by default. To disable it in production, set the property 'springdoc.api-docs.enabled=false'
2026-09-10T18:35:12.630+05:30  WARN 30688 --- [zellpayment-api] [restartedMain] o.s.core.events.SpringDocAppInitializer  : SpringDoc /swagger-ui.html endpoint is enabled by default. To disable it in production, set the property 'springdoc.swagger-ui.enabled=false'
2026-09-10T18:35:12.630+05:30  INFO 30688 --- [zellpayment-api] [restartedMain] c.zellpayment.ZellpaymentApiApplication  : ZellpaymentApiApplication started
2026-09-10T18:35:51.821+05:30  INFO 30688 --- [zellpayment-api] [http-nio-9092-exec-1] o.a.c.c.C.[Tomcat].[localhost].[/]       : Initializing Spring DispatcherServlet 'dispatcherServlet'
2026-09-10T18:35:51.822+05:30  INFO 30688 --- [zellpayment-api] [http-nio-9092-exec-1] o.s.web.servlet.DispatcherServlet        : Initializing Servlet 'dispatcherServlet'
2026-09-10T18:35:51.823+05:30  INFO 30688 --- [zellpayment-api] [http-nio-9092-exec-1] o.s.web.servlet.DispatcherServlet        : Completed initialization in 1 ms
2026-09-10T18:39:33.773+05:30  INFO 30688 --- [zellpayment-api] [SpringApplicationShutdownHook] o.s.boot.tomcat.GracefulShutdown         : Commencing graceful shutdown. Waiting for active requests to complete
2026-09-10T18:39:33.777+05:30  INFO 30688 --- [zellpayment-api] [tomcat-shutdown] o.s.boot.tomcat.GracefulShutdown         : Graceful shutdown complete
2026-09-10T18:39:33.785+05:30  INFO 30688 --- [zellpayment-api] [SpringApplicationShutdownHook] j.LocalContainerEntityManagerFactoryBean : Closing JPA EntityManagerFactory for persistence unit 'default'
2026-09-10T18:39:33.787+05:30  INFO 30688 --- [zellpayment-api] [SpringApplicationShutdownHook] com.zaxxer.hikari.HikariDataSource       : HikariPool-1 - Shutdown initiated...
2026-09-10T18:39:33.794+05:30  INFO 30688 --- [zellpayment-api] [SpringApplicationShutdownHook] com.zaxxer.hikari.HikariDataSource       : HikariPool-1 - Shutdown completed.
2026-09-10T18:39:37.039+05:30  INFO 16884 --- [zellpayment-api] [restartedMain] c.zellpayment.ZellpaymentApiApplication  : Starting ZellpaymentApiApplication using Java 26.0.2.1 with PID 16884 (C:\Xworkz Internship\zellpayment-api\zellpayment-api\build\classes\java\main started by SHASHANK in C:\Xworkz Internship\zellpayment-api\zellpayment-api)
2026-09-10T18:39:37.041+05:30 DEBUG 16884 --- [zellpayment-api] [restartedMain] c.zellpayment.ZellpaymentApiApplication  : Running with Spring Boot v4.1.1, Spring v7.0.9
2026-09-10T18:39:37.042+05:30  INFO 16884 --- [zellpayment-api] [restartedMain] c.zellpayment.ZellpaymentApiApplication  : The following 1 profile is active: "uat"
2026-09-10T18:39:37.082+05:30  INFO 16884 --- [zellpayment-api] [restartedMain] o.s.b.devtools.restart.ChangeableUrls    : The Class-Path manifest attribute in C:\Users\SHASHANK\.gradle\caches\modules-2\files-2.1\com.oracle.database.jdbc\ojdbc11\23.26.3.0.0\6936aba69cb7142aac36a53ed920af563b0e1dd1\ojdbc11-23.26.3.0.0.jar referenced one or more files that do not exist: file:/C:/Users/SHASHANK/.gradle/caches/modules-2/files-2.1/com.oracle.database.jdbc/ojdbc11/23.26.3.0.0/6936aba69cb7142aac36a53ed920af563b0e1dd1/oraclepki.jar
2026-09-10T18:39:37.082+05:30  INFO 16884 --- [zellpayment-api] [restartedMain] .e.DevToolsPropertyDefaultsPostProcessor : Devtools property defaults active! Set 'spring.devtools.add-properties' to 'false' to disable
2026-09-10T18:39:37.082+05:30  INFO 16884 --- [zellpayment-api] [restartedMain] .e.DevToolsPropertyDefaultsPostProcessor : For additional web related logging consider setting the 'logging.level.web' property to 'DEBUG'
2026-09-10T18:39:37.828+05:30  INFO 16884 --- [zellpayment-api] [restartedMain] .s.d.r.c.RepositoryConfigurationDelegate : Multiple Spring Data modules found, entering strict repository configuration mode
2026-09-10T18:39:37.830+05:30  INFO 16884 --- [zellpayment-api] [restartedMain] .s.d.r.c.RepositoryConfigurationDelegate : Bootstrapping Spring Data JPA repositories in DEFAULT mode.
2026-09-10T18:39:37.848+05:30  INFO 16884 --- [zellpayment-api] [restartedMain] .s.d.r.c.RepositoryConfigurationDelegate : Finished Spring Data repository scanning in 10 ms. Found 0 JPA repository interfaces.
2026-09-10T18:39:37.871+05:30  INFO 16884 --- [zellpayment-api] [restartedMain] .s.d.r.c.RepositoryConfigurationDelegate : Multiple Spring Data modules found, entering strict repository configuration mode
2026-09-10T18:39:37.872+05:30  INFO 16884 --- [zellpayment-api] [restartedMain] .s.d.r.c.RepositoryConfigurationDelegate : Bootstrapping Spring Data MongoDB repositories in DEFAULT mode.
2026-09-10T18:39:37.874+05:30  INFO 16884 --- [zellpayment-api] [restartedMain] .s.d.r.c.RepositoryConfigurationDelegate : Finished Spring Data repository scanning in 1 ms. Found 0 MongoDB repository interfaces.
2026-09-10T18:39:38.278+05:30  INFO 16884 --- [zellpayment-api] [restartedMain] o.s.boot.tomcat.TomcatWebServer          : Tomcat initialized with port 9092 (http)
2026-09-10T18:39:38.291+05:30  INFO 16884 --- [zellpayment-api] [restartedMain] o.apache.catalina.core.StandardService   : Starting service [Tomcat]
2026-09-10T18:39:38.292+05:30  INFO 16884 --- [zellpayment-api] [restartedMain] o.apache.catalina.core.StandardEngine    : Starting Servlet engine: [Apache Tomcat/11.0.24]
2026-09-10T18:39:38.332+05:30  INFO 16884 --- [zellpayment-api] [restartedMain] b.w.c.s.WebApplicationContextInitializer : Root WebApplicationContext: initialization completed in 1249 ms
2026-09-10T18:39:38.576+05:30  INFO 16884 --- [zellpayment-api] [restartedMain] com.zaxxer.hikari.HikariDataSource       : HikariPool-1 - Starting...
2026-09-10T18:39:38.761+05:30  INFO 16884 --- [zellpayment-api] [restartedMain] com.zaxxer.hikari.pool.HikariPool        : HikariPool-1 - Added connection oracle.jdbc.driver.T4CConnection@15a42d0e
2026-09-10T18:39:38.763+05:30  INFO 16884 --- [zellpayment-api] [restartedMain] com.zaxxer.hikari.HikariDataSource       : HikariPool-1 - Start completed.
2026-09-10T18:39:38.783+05:30  INFO 16884 --- [zellpayment-api] [restartedMain] org.hibernate.orm.jpa                    : HHH008540: Processing PersistenceUnitInfo [name: default]
2026-09-10T18:39:38.824+05:30  INFO 16884 --- [zellpayment-api] [restartedMain] org.hibernate.orm.core                   : HHH000001: Hibernate ORM core version 7.4.5.Final
2026-09-10T18:39:39.156+05:30  INFO 16884 --- [zellpayment-api] [restartedMain] o.s.o.j.p.SpringPersistenceUnitInfo      : No LoadTimeWeaver setup: ignoring JPA class transformer
2026-09-10T18:39:39.337+05:30  WARN 16884 --- [zellpayment-api] [restartedMain] org.hibernate.orm.core                   : HHH000511: The 11.2.0 version for [org.hibernate.dialect.OracleDialect] is no longer supported, hence certain features may not work properly.The minimum supported version is 19.0.0. Check the community dialects project for available legacy versions.
2026-09-10T18:39:39.358+05:30  WARN 16884 --- [zellpayment-api] [restartedMain] org.hibernate.orm.jdbc                   : HHH100123: Low default JDBC fetch size: 10 (consider setting 'hibernate.jdbc.fetch_size')
2026-09-10T18:39:39.360+05:30  INFO 16884 --- [zellpayment-api] [restartedMain] org.hibernate.orm.connections.pooling    : HHH10001005: Database info:
	Database JDBC URL [jdbc:oracle:thin:@localhost:1521:xe]
	Database driver: Oracle JDBC driver
	Database dialect: OracleDialect
	Database version: 11.2
	Default catalog/schema: undefined/SYSTEM
	Autocommit mode: undefined/unknown
	Isolation level: READ_COMMITTED [default READ_COMMITTED]
	JDBC fetch size: 10
	Pool: DataSourceConnectionProvider
	Minimum pool size: undefined/unknown
	Maximum pool size: undefined/unknown
2026-09-10T18:39:39.650+05:30  INFO 16884 --- [zellpayment-api] [restartedMain] org.hibernate.orm.core                   : HHH000489: No JTA platform available (set 'hibernate.transaction.jta.platform' to enable JTA platform integration)
2026-09-10T18:39:39.656+05:30  INFO 16884 --- [zellpayment-api] [restartedMain] j.LocalContainerEntityManagerFactoryBean : Initialized JPA EntityManagerFactory for persistence unit 'default'
2026-09-10T18:39:39.748+05:30  WARN 16884 --- [zellpayment-api] [restartedMain] JpaBaseConfiguration$JpaWebConfiguration : spring.jpa.open-in-view is enabled by default. Therefore, database queries may be performed during view rendering. Explicitly configure spring.jpa.open-in-view to disable this warning
2026-09-10T18:39:40.148+05:30  INFO 16884 --- [zellpayment-api] [restartedMain] org.mongodb.driver.client                : MongoClient with metadata {"driver": {"name": "mongo-java-driver|spring-boot|sync", "version": "5.8.1"}, "os": {"type": "Windows", "name": "Windows 11", "architecture": "amd64", "version": "10.0"}, "platform": "Java/Oracle Corporation/26.0.2.1+1-7"} created with settings MongoClientSettings{readPreference=primary, writeConcern=WriteConcern{w=null, wTimeout=null ms, journal=null}, retryWrites=true, retryReads=true, readConcern=ReadConcern{level=null}, credential=null, transportSettings=null, commandListeners=[io.micrometer.core.instrument.binder.mongodb.MongoMetricsCommandListener@18d86904], codecRegistry=ProvidersCodecRegistry{codecProviders=[ValueCodecProvider{}, BsonValueCodecProvider{}, DBRefCodecProvider{}, DBObjectCodecProvider{}, DocumentCodecProvider{}, CollectionCodecProvider{}, IterableCodecProvider{}, MapCodecProvider{}, GeoJsonCodecProvider{}, GridFSFileCodecProvider{}, Jsr310CodecProvider{}, JsonObjectCodecProvider{}, BsonCodecProvider{}, com.mongodb.client.model.mql.ExpressionCodecProvider@689a8188, com.mongodb.Jep395RecordCodecProvider@63cd2658, com.mongodb.KotlinCodecProvider@29bcbe62, EnumCodecProvider{}]}, loggerSettings=LoggerSettings{maxDocumentLength=1000}, clusterSettings={hosts=[localhost:27017], srvServiceName=mongodb, mode=SINGLE, requiredClusterType=UNKNOWN, requiredReplicaSetName='null', serverSelector='null', clusterListeners='[]', serverSelectionTimeout='30000 ms', localThreshold='15 ms'}, socketSettings=SocketSettings{connectTimeoutMS=10000, readTimeoutMS=0, receiveBufferSize=0, proxySettings=ProxySettings{host=null, port=null, username=null, password=null}}, heartbeatSocketSettings=SocketSettings{connectTimeoutMS=10000, readTimeoutMS=10000, receiveBufferSize=0, proxySettings=ProxySettings{host=null, port=null, username=null, password=null}}, connectionPoolSettings=ConnectionPoolSettings{maxSize=100, minSize=0, maxWaitTimeMS=120000, maxConnectionLifeTimeMS=0, maxConnectionIdleTimeMS=0, maintenanceInitialDelayMS=0, maintenanceFrequencyMS=60000, connectionPoolListeners=[io.micrometer.core.instrument.binder.mongodb.MongoMetricsConnectionPoolListener@3c3a27fb], maxConnecting=2}, serverSettings=ServerSettings{heartbeatFrequencyMS=10000, minHeartbeatFrequencyMS=500, serverMonitoringMode=AUTO, serverListeners='[]', serverMonitorListeners='[]'}, sslSettings=SslSettings{enabled=false, invalidHostNameAllowed=false, context=null}, applicationName='null', compressorList=[], uuidRepresentation=UNSPECIFIED, serverApi=null, autoEncryptionSettings=null, dnsClient=null, inetAddressResolver=null, contextProvider=null, timeoutMS=null}
2026-09-10T18:39:40.158+05:30  INFO 16884 --- [zellpayment-api] [cluster-6aa2ac14b63a5f4ab25422c9-localhost:27017] org.mongodb.driver.cluster               : Monitor thread successfully connected to server with description ServerDescription{address=localhost:27017, type=STANDALONE, cryptd=false, state=CONNECTED, ok=true, minWireVersion=0, maxWireVersion=28, maxDocumentSize=16777216, logicalSessionTimeoutMinutes=30, roundTripTimeNanos=13269000, minRoundTripTimeNanos=0}
2026-09-10T18:39:40.363+05:30  INFO 16884 --- [zellpayment-api] [restartedMain] o.s.b.a.e.web.EndpointLinksResolver      : Exposing 1 endpoint beneath base path '/actuator'
2026-09-10T18:39:40.414+05:30  INFO 16884 --- [zellpayment-api] [restartedMain] o.s.boot.tomcat.TomcatWebServer          : Tomcat started on port 9092 (http) with context path '/'
2026-09-10T18:39:40.421+05:30  INFO 16884 --- [zellpayment-api] [restartedMain] c.zellpayment.ZellpaymentApiApplication  : Started ZellpaymentApiApplication in 3.827 seconds (process running for 4.339)
2026-09-10T18:39:40.426+05:30  WARN 16884 --- [zellpayment-api] [restartedMain] o.s.core.events.SpringDocAppInitializer  : SpringDoc /v3/api-docs endpoint is enabled by default. To disable it in production, set the property 'springdoc.api-docs.enabled=false'
2026-09-10T18:39:40.426+05:30  WARN 16884 --- [zellpayment-api] [restartedMain] o.s.core.events.SpringDocAppInitializer  : SpringDoc /swagger-ui.html endpoint is enabled by default. To disable it in production, set the property 'springdoc.swagger-ui.enabled=false'
2026-09-10T18:39:40.427+05:30  INFO 16884 --- [zellpayment-api] [restartedMain] c.zellpayment.ZellpaymentApiApplication  : ZellpaymentApiApplication started
2026-09-10T18:39:49.578+05:30  INFO 16884 --- [zellpayment-api] [http-nio-9092-exec-1] o.a.c.c.C.[Tomcat].[localhost].[/]       : Initializing Spring DispatcherServlet 'dispatcherServlet'
2026-09-10T18:39:49.578+05:30  INFO 16884 --- [zellpayment-api] [http-nio-9092-exec-1] o.s.web.servlet.DispatcherServlet        : Initializing Servlet 'dispatcherServlet'
2026-09-10T18:39:49.579+05:30  INFO 16884 --- [zellpayment-api] [http-nio-9092-exec-1] o.s.web.servlet.DispatcherServlet        : Completed initialization in 1 ms
2026-09-10T18:40:44.829+05:30  INFO 16884 --- [zellpayment-api] [SpringApplicationShutdownHook] o.s.boot.tomcat.GracefulShutdown         : Commencing graceful shutdown. Waiting for active requests to complete
2026-09-10T18:40:44.833+05:30  INFO 16884 --- [zellpayment-api] [tomcat-shutdown] o.s.boot.tomcat.GracefulShutdown         : Graceful shutdown complete
2026-09-10T18:40:44.841+05:30  INFO 16884 --- [zellpayment-api] [SpringApplicationShutdownHook] j.LocalContainerEntityManagerFactoryBean : Closing JPA EntityManagerFactory for persistence unit 'default'
2026-09-10T18:40:44.843+05:30  INFO 16884 --- [zellpayment-api] [SpringApplicationShutdownHook] com.zaxxer.hikari.HikariDataSource       : HikariPool-1 - Shutdown initiated...
2026-09-10T18:40:44.850+05:30  INFO 16884 --- [zellpayment-api] [SpringApplicationShutdownHook] com.zaxxer.hikari.HikariDataSource       : HikariPool-1 - Shutdown completed.
2026-09-10T18:40:47.755+05:30  INFO 5912 --- [zellpayment-api] [restartedMain] c.zellpayment.ZellpaymentApiApplication  : Starting ZellpaymentApiApplication using Java 26.0.2.1 with PID 5912 (C:\Xworkz Internship\zellpayment-api\zellpayment-api\build\classes\java\main started by SHASHANK in C:\Xworkz Internship\zellpayment-api\zellpayment-api)
2026-09-10T18:40:47.756+05:30 DEBUG 5912 --- [zellpayment-api] [restartedMain] c.zellpayment.ZellpaymentApiApplication  : Running with Spring Boot v4.1.1, Spring v7.0.9
2026-09-10T18:40:47.757+05:30  INFO 5912 --- [zellpayment-api] [restartedMain] c.zellpayment.ZellpaymentApiApplication  : The following 1 profile is active: "uat"
2026-09-10T18:40:47.799+05:30  INFO 5912 --- [zellpayment-api] [restartedMain] o.s.b.devtools.restart.ChangeableUrls    : The Class-Path manifest attribute in C:\Users\SHASHANK\.gradle\caches\modules-2\files-2.1\com.oracle.database.jdbc\ojdbc11\23.26.3.0.0\6936aba69cb7142aac36a53ed920af563b0e1dd1\ojdbc11-23.26.3.0.0.jar referenced one or more files that do not exist: file:/C:/Users/SHASHANK/.gradle/caches/modules-2/files-2.1/com.oracle.database.jdbc/ojdbc11/23.26.3.0.0/6936aba69cb7142aac36a53ed920af563b0e1dd1/oraclepki.jar
2026-09-10T18:40:47.800+05:30  INFO 5912 --- [zellpayment-api] [restartedMain] .e.DevToolsPropertyDefaultsPostProcessor : Devtools property defaults active! Set 'spring.devtools.add-properties' to 'false' to disable
2026-09-10T18:40:47.800+05:30  INFO 5912 --- [zellpayment-api] [restartedMain] .e.DevToolsPropertyDefaultsPostProcessor : For additional web related logging consider setting the 'logging.level.web' property to 'DEBUG'
2026-09-10T18:40:48.531+05:30  INFO 5912 --- [zellpayment-api] [restartedMain] .s.d.r.c.RepositoryConfigurationDelegate : Multiple Spring Data modules found, entering strict repository configuration mode
2026-09-10T18:40:48.533+05:30  INFO 5912 --- [zellpayment-api] [restartedMain] .s.d.r.c.RepositoryConfigurationDelegate : Bootstrapping Spring Data JPA repositories in DEFAULT mode.
2026-09-10T18:40:48.548+05:30  INFO 5912 --- [zellpayment-api] [restartedMain] .s.d.r.c.RepositoryConfigurationDelegate : Finished Spring Data repository scanning in 8 ms. Found 0 JPA repository interfaces.
2026-09-10T18:40:48.571+05:30  INFO 5912 --- [zellpayment-api] [restartedMain] .s.d.r.c.RepositoryConfigurationDelegate : Multiple Spring Data modules found, entering strict repository configuration mode
2026-09-10T18:40:48.572+05:30  INFO 5912 --- [zellpayment-api] [restartedMain] .s.d.r.c.RepositoryConfigurationDelegate : Bootstrapping Spring Data MongoDB repositories in DEFAULT mode.
2026-09-10T18:40:48.574+05:30  INFO 5912 --- [zellpayment-api] [restartedMain] .s.d.r.c.RepositoryConfigurationDelegate : Finished Spring Data repository scanning in 1 ms. Found 0 MongoDB repository interfaces.
2026-09-10T18:40:48.978+05:30  INFO 5912 --- [zellpayment-api] [restartedMain] o.s.boot.tomcat.TomcatWebServer          : Tomcat initialized with port 9092 (http)
2026-09-10T18:40:48.991+05:30  INFO 5912 --- [zellpayment-api] [restartedMain] o.apache.catalina.core.StandardService   : Starting service [Tomcat]
2026-09-10T18:40:48.992+05:30  INFO 5912 --- [zellpayment-api] [restartedMain] o.apache.catalina.core.StandardEngine    : Starting Servlet engine: [Apache Tomcat/11.0.24]
2026-09-10T18:40:49.034+05:30  INFO 5912 --- [zellpayment-api] [restartedMain] b.w.c.s.WebApplicationContextInitializer : Root WebApplicationContext: initialization completed in 1234 ms
2026-09-10T18:40:49.269+05:30  INFO 5912 --- [zellpayment-api] [restartedMain] com.zaxxer.hikari.HikariDataSource       : HikariPool-1 - Starting...
2026-09-10T18:40:49.453+05:30  INFO 5912 --- [zellpayment-api] [restartedMain] com.zaxxer.hikari.pool.HikariPool        : HikariPool-1 - Added connection oracle.jdbc.driver.T4CConnection@46903537
2026-09-10T18:40:49.454+05:30  INFO 5912 --- [zellpayment-api] [restartedMain] com.zaxxer.hikari.HikariDataSource       : HikariPool-1 - Start completed.
2026-09-10T18:40:49.477+05:30  INFO 5912 --- [zellpayment-api] [restartedMain] org.hibernate.orm.jpa                    : HHH008540: Processing PersistenceUnitInfo [name: default]
2026-09-10T18:40:49.518+05:30  INFO 5912 --- [zellpayment-api] [restartedMain] org.hibernate.orm.core                   : HHH000001: Hibernate ORM core version 7.4.5.Final
2026-09-10T18:40:49.852+05:30  INFO 5912 --- [zellpayment-api] [restartedMain] o.s.o.j.p.SpringPersistenceUnitInfo      : No LoadTimeWeaver setup: ignoring JPA class transformer
2026-09-10T18:40:50.032+05:30  WARN 5912 --- [zellpayment-api] [restartedMain] org.hibernate.orm.core                   : HHH000511: The 11.2.0 version for [org.hibernate.dialect.OracleDialect] is no longer supported, hence certain features may not work properly.The minimum supported version is 19.0.0. Check the community dialects project for available legacy versions.
2026-09-10T18:40:50.055+05:30  WARN 5912 --- [zellpayment-api] [restartedMain] org.hibernate.orm.jdbc                   : HHH100123: Low default JDBC fetch size: 10 (consider setting 'hibernate.jdbc.fetch_size')
2026-09-10T18:40:50.057+05:30  INFO 5912 --- [zellpayment-api] [restartedMain] org.hibernate.orm.connections.pooling    : HHH10001005: Database info:
	Database JDBC URL [jdbc:oracle:thin:@localhost:1521:xe]
	Database driver: Oracle JDBC driver
	Database dialect: OracleDialect
	Database version: 11.2
	Default catalog/schema: undefined/SYSTEM
	Autocommit mode: undefined/unknown
	Isolation level: READ_COMMITTED [default READ_COMMITTED]
	JDBC fetch size: 10
	Pool: DataSourceConnectionProvider
	Minimum pool size: undefined/unknown
	Maximum pool size: undefined/unknown
2026-09-10T18:40:50.349+05:30  INFO 5912 --- [zellpayment-api] [restartedMain] org.hibernate.orm.core                   : HHH000489: No JTA platform available (set 'hibernate.transaction.jta.platform' to enable JTA platform integration)
2026-09-10T18:40:50.356+05:30  INFO 5912 --- [zellpayment-api] [restartedMain] j.LocalContainerEntityManagerFactoryBean : Initialized JPA EntityManagerFactory for persistence unit 'default'
2026-09-10T18:40:50.448+05:30  WARN 5912 --- [zellpayment-api] [restartedMain] JpaBaseConfiguration$JpaWebConfiguration : spring.jpa.open-in-view is enabled by default. Therefore, database queries may be performed during view rendering. Explicitly configure spring.jpa.open-in-view to disable this warning
2026-09-10T18:40:50.842+05:30  INFO 5912 --- [zellpayment-api] [restartedMain] org.mongodb.driver.client                : MongoClient with metadata {"driver": {"name": "mongo-java-driver|spring-boot|sync", "version": "5.8.1"}, "os": {"type": "Windows", "name": "Windows 11", "architecture": "amd64", "version": "10.0"}, "platform": "Java/Oracle Corporation/26.0.2.1+1-7"} created with settings MongoClientSettings{readPreference=primary, writeConcern=WriteConcern{w=null, wTimeout=null ms, journal=null}, retryWrites=true, retryReads=true, readConcern=ReadConcern{level=null}, credential=null, transportSettings=null, commandListeners=[io.micrometer.core.instrument.binder.mongodb.MongoMetricsCommandListener@76f6a618], codecRegistry=ProvidersCodecRegistry{codecProviders=[ValueCodecProvider{}, BsonValueCodecProvider{}, DBRefCodecProvider{}, DBObjectCodecProvider{}, DocumentCodecProvider{}, CollectionCodecProvider{}, IterableCodecProvider{}, MapCodecProvider{}, GeoJsonCodecProvider{}, GridFSFileCodecProvider{}, Jsr310CodecProvider{}, JsonObjectCodecProvider{}, BsonCodecProvider{}, com.mongodb.client.model.mql.ExpressionCodecProvider@1aed524c, com.mongodb.Jep395RecordCodecProvider@689a8188, com.mongodb.KotlinCodecProvider@63cd2658, EnumCodecProvider{}]}, loggerSettings=LoggerSettings{maxDocumentLength=1000}, clusterSettings={hosts=[localhost:27017], srvServiceName=mongodb, mode=SINGLE, requiredClusterType=UNKNOWN, requiredReplicaSetName='null', serverSelector='null', clusterListeners='[]', serverSelectionTimeout='30000 ms', localThreshold='15 ms'}, socketSettings=SocketSettings{connectTimeoutMS=10000, readTimeoutMS=0, receiveBufferSize=0, proxySettings=ProxySettings{host=null, port=null, username=null, password=null}}, heartbeatSocketSettings=SocketSettings{connectTimeoutMS=10000, readTimeoutMS=10000, receiveBufferSize=0, proxySettings=ProxySettings{host=null, port=null, username=null, password=null}}, connectionPoolSettings=ConnectionPoolSettings{maxSize=100, minSize=0, maxWaitTimeMS=120000, maxConnectionLifeTimeMS=0, maxConnectionIdleTimeMS=0, maintenanceInitialDelayMS=0, maintenanceFrequencyMS=60000, connectionPoolListeners=[io.micrometer.core.instrument.binder.mongodb.MongoMetricsConnectionPoolListener@19a72388], maxConnecting=2}, serverSettings=ServerSettings{heartbeatFrequencyMS=10000, minHeartbeatFrequencyMS=500, serverMonitoringMode=AUTO, serverListeners='[]', serverMonitorListeners='[]'}, sslSettings=SslSettings{enabled=false, invalidHostNameAllowed=false, context=null}, applicationName='null', compressorList=[], uuidRepresentation=UNSPECIFIED, serverApi=null, autoEncryptionSettings=null, dnsClient=null, inetAddressResolver=null, contextProvider=null, timeoutMS=null}
2026-09-10T18:40:50.852+05:30  INFO 5912 --- [zellpayment-api] [cluster-6aa2ac5ae448fe9c522aebc3-localhost:27017] org.mongodb.driver.cluster               : Monitor thread successfully connected to server with description ServerDescription{address=localhost:27017, type=STANDALONE, cryptd=false, state=CONNECTED, ok=true, minWireVersion=0, maxWireVersion=28, maxDocumentSize=16777216, logicalSessionTimeoutMinutes=30, roundTripTimeNanos=15336900, minRoundTripTimeNanos=0}
2026-09-10T18:40:51.084+05:30  INFO 5912 --- [zellpayment-api] [restartedMain] o.s.b.a.e.web.EndpointLinksResolver      : Exposing 1 endpoint beneath base path '/actuator'
2026-09-10T18:40:51.138+05:30  INFO 5912 --- [zellpayment-api] [restartedMain] o.s.boot.tomcat.TomcatWebServer          : Tomcat started on port 9092 (http) with context path '/'
2026-09-10T18:40:51.145+05:30  INFO 5912 --- [zellpayment-api] [restartedMain] c.zellpayment.ZellpaymentApiApplication  : Started ZellpaymentApiApplication in 3.845 seconds (process running for 4.277)
2026-09-10T18:40:51.149+05:30  WARN 5912 --- [zellpayment-api] [restartedMain] o.s.core.events.SpringDocAppInitializer  : SpringDoc /v3/api-docs endpoint is enabled by default. To disable it in production, set the property 'springdoc.api-docs.enabled=false'
2026-09-10T18:40:51.150+05:30  WARN 5912 --- [zellpayment-api] [restartedMain] o.s.core.events.SpringDocAppInitializer  : SpringDoc /swagger-ui.html endpoint is enabled by default. To disable it in production, set the property 'springdoc.swagger-ui.enabled=false'
2026-09-10T18:40:51.150+05:30  INFO 5912 --- [zellpayment-api] [restartedMain] c.zellpayment.ZellpaymentApiApplication  : ZellpaymentApiApplication started
2026-09-10T18:40:58.529+05:30  INFO 5912 --- [zellpayment-api] [http-nio-9092-exec-1] o.a.c.c.C.[Tomcat].[localhost].[/]       : Initializing Spring DispatcherServlet 'dispatcherServlet'
2026-09-10T18:40:58.529+05:30  INFO 5912 --- [zellpayment-api] [http-nio-9092-exec-1] o.s.web.servlet.DispatcherServlet        : Initializing Servlet 'dispatcherServlet'
2026-09-10T18:40:58.531+05:30  INFO 5912 --- [zellpayment-api] [http-nio-9092-exec-1] o.s.web.servlet.DispatcherServlet        : Completed initialization in 2 ms
2026-09-10T18:42:17.798+05:30  INFO 5912 --- [zellpayment-api] [SpringApplicationShutdownHook] o.s.boot.tomcat.GracefulShutdown         : Commencing graceful shutdown. Waiting for active requests to complete
2026-09-10T18:42:17.802+05:30  INFO 5912 --- [zellpayment-api] [tomcat-shutdown] o.s.boot.tomcat.GracefulShutdown         : Graceful shutdown complete
2026-09-10T18:42:17.809+05:30  INFO 5912 --- [zellpayment-api] [SpringApplicationShutdownHook] j.LocalContainerEntityManagerFactoryBean : Closing JPA EntityManagerFactory for persistence unit 'default'
2026-09-10T18:42:17.812+05:30  INFO 5912 --- [zellpayment-api] [SpringApplicationShutdownHook] com.zaxxer.hikari.HikariDataSource       : HikariPool-1 - Shutdown initiated...
2026-09-10T18:42:17.818+05:30  INFO 5912 --- [zellpayment-api] [SpringApplicationShutdownHook] com.zaxxer.hikari.HikariDataSource       : HikariPool-1 - Shutdown completed.
2026-09-10T18:42:20.087+05:30  INFO 20204 --- [zellpayment-api] [restartedMain] c.zellpayment.ZellpaymentApiApplication  : Starting ZellpaymentApiApplication using Java 26.0.2.1 with PID 20204 (C:\Xworkz Internship\zellpayment-api\zellpayment-api\build\classes\java\main started by SHASHANK in C:\Xworkz Internship\zellpayment-api\zellpayment-api)
2026-09-10T18:42:20.089+05:30 DEBUG 20204 --- [zellpayment-api] [restartedMain] c.zellpayment.ZellpaymentApiApplication  : Running with Spring Boot v4.1.1, Spring v7.0.9
2026-09-10T18:42:20.089+05:30  INFO 20204 --- [zellpayment-api] [restartedMain] c.zellpayment.ZellpaymentApiApplication  : The following 1 profile is active: "uat"
2026-09-10T18:42:20.132+05:30  INFO 20204 --- [zellpayment-api] [restartedMain] o.s.b.devtools.restart.ChangeableUrls    : The Class-Path manifest attribute in C:\Users\SHASHANK\.gradle\caches\modules-2\files-2.1\com.oracle.database.jdbc\ojdbc11\23.26.3.0.0\6936aba69cb7142aac36a53ed920af563b0e1dd1\ojdbc11-23.26.3.0.0.jar referenced one or more files that do not exist: file:/C:/Users/SHASHANK/.gradle/caches/modules-2/files-2.1/com.oracle.database.jdbc/ojdbc11/23.26.3.0.0/6936aba69cb7142aac36a53ed920af563b0e1dd1/oraclepki.jar
2026-09-10T18:42:20.132+05:30  INFO 20204 --- [zellpayment-api] [restartedMain] .e.DevToolsPropertyDefaultsPostProcessor : Devtools property defaults active! Set 'spring.devtools.add-properties' to 'false' to disable
2026-09-10T18:42:20.133+05:30  INFO 20204 --- [zellpayment-api] [restartedMain] .e.DevToolsPropertyDefaultsPostProcessor : For additional web related logging consider setting the 'logging.level.web' property to 'DEBUG'
2026-09-10T18:42:21.176+05:30  INFO 20204 --- [zellpayment-api] [restartedMain] .s.d.r.c.RepositoryConfigurationDelegate : Multiple Spring Data modules found, entering strict repository configuration mode
2026-09-10T18:42:21.178+05:30  INFO 20204 --- [zellpayment-api] [restartedMain] .s.d.r.c.RepositoryConfigurationDelegate : Bootstrapping Spring Data JPA repositories in DEFAULT mode.
2026-09-10T18:42:21.200+05:30  INFO 20204 --- [zellpayment-api] [restartedMain] .s.d.r.c.RepositoryConfigurationDelegate : Finished Spring Data repository scanning in 15 ms. Found 0 JPA repository interfaces.
2026-09-10T18:42:21.227+05:30  INFO 20204 --- [zellpayment-api] [restartedMain] .s.d.r.c.RepositoryConfigurationDelegate : Multiple Spring Data modules found, entering strict repository configuration mode
2026-09-10T18:42:21.228+05:30  INFO 20204 --- [zellpayment-api] [restartedMain] .s.d.r.c.RepositoryConfigurationDelegate : Bootstrapping Spring Data MongoDB repositories in DEFAULT mode.
2026-09-10T18:42:21.230+05:30  INFO 20204 --- [zellpayment-api] [restartedMain] .s.d.r.c.RepositoryConfigurationDelegate : Finished Spring Data repository scanning in 0 ms. Found 0 MongoDB repository interfaces.
2026-09-10T18:42:21.701+05:30  INFO 20204 --- [zellpayment-api] [restartedMain] o.s.boot.tomcat.TomcatWebServer          : Tomcat initialized with port 9092 (http)
2026-09-10T18:42:21.713+05:30  INFO 20204 --- [zellpayment-api] [restartedMain] o.apache.catalina.core.StandardService   : Starting service [Tomcat]
2026-09-10T18:42:21.713+05:30  INFO 20204 --- [zellpayment-api] [restartedMain] o.apache.catalina.core.StandardEngine    : Starting Servlet engine: [Apache Tomcat/11.0.24]
2026-09-10T18:42:21.751+05:30  INFO 20204 --- [zellpayment-api] [restartedMain] b.w.c.s.WebApplicationContextInitializer : Root WebApplicationContext: initialization completed in 1618 ms
2026-09-10T18:42:22.005+05:30  INFO 20204 --- [zellpayment-api] [restartedMain] com.zaxxer.hikari.HikariDataSource       : HikariPool-1 - Starting...
2026-09-10T18:42:22.195+05:30  INFO 20204 --- [zellpayment-api] [restartedMain] com.zaxxer.hikari.pool.HikariPool        : HikariPool-1 - Added connection oracle.jdbc.driver.T4CConnection@5b0b9f61
2026-09-10T18:42:22.196+05:30  INFO 20204 --- [zellpayment-api] [restartedMain] com.zaxxer.hikari.HikariDataSource       : HikariPool-1 - Start completed.
2026-09-10T18:42:22.222+05:30  INFO 20204 --- [zellpayment-api] [restartedMain] org.hibernate.orm.jpa                    : HHH008540: Processing PersistenceUnitInfo [name: default]
2026-09-10T18:42:22.265+05:30  INFO 20204 --- [zellpayment-api] [restartedMain] org.hibernate.orm.core                   : HHH000001: Hibernate ORM core version 7.4.5.Final
2026-09-10T18:42:22.625+05:30  INFO 20204 --- [zellpayment-api] [restartedMain] o.s.o.j.p.SpringPersistenceUnitInfo      : No LoadTimeWeaver setup: ignoring JPA class transformer
2026-09-10T18:42:22.836+05:30  WARN 20204 --- [zellpayment-api] [restartedMain] org.hibernate.orm.core                   : HHH000511: The 11.2.0 version for [org.hibernate.dialect.OracleDialect] is no longer supported, hence certain features may not work properly.The minimum supported version is 19.0.0. Check the community dialects project for available legacy versions.
2026-09-10T18:42:22.862+05:30  WARN 20204 --- [zellpayment-api] [restartedMain] org.hibernate.orm.jdbc                   : HHH100123: Low default JDBC fetch size: 10 (consider setting 'hibernate.jdbc.fetch_size')
2026-09-10T18:42:22.864+05:30  INFO 20204 --- [zellpayment-api] [restartedMain] org.hibernate.orm.connections.pooling    : HHH10001005: Database info:
	Database JDBC URL [jdbc:oracle:thin:@localhost:1521:xe]
	Database driver: Oracle JDBC driver
	Database dialect: OracleDialect
	Database version: 11.2
	Default catalog/schema: undefined/SYSTEM
	Autocommit mode: undefined/unknown
	Isolation level: READ_COMMITTED [default READ_COMMITTED]
	JDBC fetch size: 10
	Pool: DataSourceConnectionProvider
	Minimum pool size: undefined/unknown
	Maximum pool size: undefined/unknown
2026-09-10T18:42:23.188+05:30  INFO 20204 --- [zellpayment-api] [restartedMain] org.hibernate.orm.core                   : HHH000489: No JTA platform available (set 'hibernate.transaction.jta.platform' to enable JTA platform integration)
2026-09-10T18:42:23.196+05:30  INFO 20204 --- [zellpayment-api] [restartedMain] j.LocalContainerEntityManagerFactoryBean : Initialized JPA EntityManagerFactory for persistence unit 'default'
2026-09-10T18:42:23.287+05:30  WARN 20204 --- [zellpayment-api] [restartedMain] JpaBaseConfiguration$JpaWebConfiguration : spring.jpa.open-in-view is enabled by default. Therefore, database queries may be performed during view rendering. Explicitly configure spring.jpa.open-in-view to disable this warning
2026-09-10T18:42:23.714+05:30  INFO 20204 --- [zellpayment-api] [restartedMain] org.mongodb.driver.client                : MongoClient with metadata {"driver": {"name": "mongo-java-driver|spring-boot|sync", "version": "5.8.1"}, "os": {"type": "Windows", "name": "Windows 11", "architecture": "amd64", "version": "10.0"}, "platform": "Java/Oracle Corporation/26.0.2.1+1-7"} created with settings MongoClientSettings{readPreference=primary, writeConcern=WriteConcern{w=null, wTimeout=null ms, journal=null}, retryWrites=true, retryReads=true, readConcern=ReadConcern{level=null}, credential=null, transportSettings=null, commandListeners=[io.micrometer.core.instrument.binder.mongodb.MongoMetricsCommandListener@1a33ed12], codecRegistry=ProvidersCodecRegistry{codecProviders=[ValueCodecProvider{}, BsonValueCodecProvider{}, DBRefCodecProvider{}, DBObjectCodecProvider{}, DocumentCodecProvider{}, CollectionCodecProvider{}, IterableCodecProvider{}, MapCodecProvider{}, GeoJsonCodecProvider{}, GridFSFileCodecProvider{}, Jsr310CodecProvider{}, JsonObjectCodecProvider{}, BsonCodecProvider{}, com.mongodb.client.model.mql.ExpressionCodecProvider@52ee52d4, com.mongodb.Jep395RecordCodecProvider@1f16c5a5, com.mongodb.KotlinCodecProvider@721dfa59, EnumCodecProvider{}]}, loggerSettings=LoggerSettings{maxDocumentLength=1000}, clusterSettings={hosts=[localhost:27017], srvServiceName=mongodb, mode=SINGLE, requiredClusterType=UNKNOWN, requiredReplicaSetName='null', serverSelector='null', clusterListeners='[]', serverSelectionTimeout='30000 ms', localThreshold='15 ms'}, socketSettings=SocketSettings{connectTimeoutMS=10000, readTimeoutMS=0, receiveBufferSize=0, proxySettings=ProxySettings{host=null, port=null, username=null, password=null}}, heartbeatSocketSettings=SocketSettings{connectTimeoutMS=10000, readTimeoutMS=10000, receiveBufferSize=0, proxySettings=ProxySettings{host=null, port=null, username=null, password=null}}, connectionPoolSettings=ConnectionPoolSettings{maxSize=100, minSize=0, maxWaitTimeMS=120000, maxConnectionLifeTimeMS=0, maxConnectionIdleTimeMS=0, maintenanceInitialDelayMS=0, maintenanceFrequencyMS=60000, connectionPoolListeners=[io.micrometer.core.instrument.binder.mongodb.MongoMetricsConnectionPoolListener@4213403e], maxConnecting=2}, serverSettings=ServerSettings{heartbeatFrequencyMS=10000, minHeartbeatFrequencyMS=500, serverMonitoringMode=AUTO, serverListeners='[]', serverMonitorListeners='[]'}, sslSettings=SslSettings{enabled=false, invalidHostNameAllowed=false, context=null}, applicationName='null', compressorList=[], uuidRepresentation=UNSPECIFIED, serverApi=null, autoEncryptionSettings=null, dnsClient=null, inetAddressResolver=null, contextProvider=null, timeoutMS=null}
2026-09-10T18:42:23.722+05:30  INFO 20204 --- [zellpayment-api] [cluster-6aa2acb70b9b6327918af37c-localhost:27017] org.mongodb.driver.cluster               : Monitor thread successfully connected to server with description ServerDescription{address=localhost:27017, type=STANDALONE, cryptd=false, state=CONNECTED, ok=true, minWireVersion=0, maxWireVersion=28, maxDocumentSize=16777216, logicalSessionTimeoutMinutes=30, roundTripTimeNanos=14565200, minRoundTripTimeNanos=0}
2026-09-10T18:42:23.952+05:30  INFO 20204 --- [zellpayment-api] [restartedMain] o.s.b.a.e.web.EndpointLinksResolver      : Exposing 13 endpoints beneath base path '/actuator'
2026-09-10T18:42:24.007+05:30  INFO 20204 --- [zellpayment-api] [restartedMain] o.s.boot.tomcat.TomcatWebServer          : Tomcat started on port 9092 (http) with context path '/'
2026-09-10T18:42:24.015+05:30  INFO 20204 --- [zellpayment-api] [restartedMain] c.zellpayment.ZellpaymentApiApplication  : Started ZellpaymentApiApplication in 4.338 seconds (process running for 4.889)
2026-09-10T18:42:24.019+05:30  WARN 20204 --- [zellpayment-api] [restartedMain] o.s.core.events.SpringDocAppInitializer  : SpringDoc /v3/api-docs endpoint is enabled by default. To disable it in production, set the property 'springdoc.api-docs.enabled=false'
2026-09-10T18:42:24.019+05:30  WARN 20204 --- [zellpayment-api] [restartedMain] o.s.core.events.SpringDocAppInitializer  : SpringDoc /swagger-ui.html endpoint is enabled by default. To disable it in production, set the property 'springdoc.swagger-ui.enabled=false'
2026-09-10T18:42:24.019+05:30  INFO 20204 --- [zellpayment-api] [restartedMain] c.zellpayment.ZellpaymentApiApplication  : ZellpaymentApiApplication started
2026-09-10T18:42:35.130+05:30  INFO 20204 --- [zellpayment-api] [http-nio-9092-exec-1] o.a.c.c.C.[Tomcat].[localhost].[/]       : Initializing Spring DispatcherServlet 'dispatcherServlet'
2026-09-10T18:42:35.130+05:30  INFO 20204 --- [zellpayment-api] [http-nio-9092-exec-1] o.s.web.servlet.DispatcherServlet        : Initializing Servlet 'dispatcherServlet'
2026-09-10T18:42:35.131+05:30  INFO 20204 --- [zellpayment-api] [http-nio-9092-exec-1] o.s.web.servlet.DispatcherServlet        : Completed initialization in 1 ms
2026-09-10T18:44:18.258+05:30  INFO 20204 --- [zellpayment-api] [SpringApplicationShutdownHook] o.s.boot.tomcat.GracefulShutdown         : Commencing graceful shutdown. Waiting for active requests to complete
2026-09-10T18:44:18.272+05:30  INFO 20204 --- [zellpayment-api] [tomcat-shutdown] o.s.boot.tomcat.GracefulShutdown         : Graceful shutdown complete
2026-09-10T18:44:18.280+05:30  INFO 20204 --- [zellpayment-api] [SpringApplicationShutdownHook] j.LocalContainerEntityManagerFactoryBean : Closing JPA EntityManagerFactory for persistence unit 'default'
2026-09-10T18:44:18.282+05:30  INFO 20204 --- [zellpayment-api] [SpringApplicationShutdownHook] com.zaxxer.hikari.HikariDataSource       : HikariPool-1 - Shutdown initiated...
2026-09-10T18:44:18.289+05:30  INFO 20204 --- [zellpayment-api] [SpringApplicationShutdownHook] com.zaxxer.hikari.HikariDataSource       : HikariPool-1 - Shutdown completed.
2026-09-10T18:44:20.727+05:30  INFO 4872 --- [zellpayment-api] [restartedMain] c.zellpayment.ZellpaymentApiApplication  : Starting ZellpaymentApiApplication using Java 26.0.2.1 with PID 4872 (C:\Xworkz Internship\zellpayment-api\zellpayment-api\build\classes\java\main started by SHASHANK in C:\Xworkz Internship\zellpayment-api\zellpayment-api)
2026-09-10T18:44:20.730+05:30 DEBUG 4872 --- [zellpayment-api] [restartedMain] c.zellpayment.ZellpaymentApiApplication  : Running with Spring Boot v4.1.1, Spring v7.0.9
2026-09-10T18:44:20.730+05:30  INFO 4872 --- [zellpayment-api] [restartedMain] c.zellpayment.ZellpaymentApiApplication  : The following 1 profile is active: "uat"
2026-09-10T18:44:20.790+05:30  INFO 4872 --- [zellpayment-api] [restartedMain] o.s.b.devtools.restart.ChangeableUrls    : The Class-Path manifest attribute in C:\Users\SHASHANK\.gradle\caches\modules-2\files-2.1\com.oracle.database.jdbc\ojdbc11\23.26.3.0.0\6936aba69cb7142aac36a53ed920af563b0e1dd1\ojdbc11-23.26.3.0.0.jar referenced one or more files that do not exist: file:/C:/Users/SHASHANK/.gradle/caches/modules-2/files-2.1/com.oracle.database.jdbc/ojdbc11/23.26.3.0.0/6936aba69cb7142aac36a53ed920af563b0e1dd1/oraclepki.jar
2026-09-10T18:44:20.790+05:30  INFO 4872 --- [zellpayment-api] [restartedMain] .e.DevToolsPropertyDefaultsPostProcessor : Devtools property defaults active! Set 'spring.devtools.add-properties' to 'false' to disable
2026-09-10T18:44:20.790+05:30  INFO 4872 --- [zellpayment-api] [restartedMain] .e.DevToolsPropertyDefaultsPostProcessor : For additional web related logging consider setting the 'logging.level.web' property to 'DEBUG'
2026-09-10T18:44:21.567+05:30  INFO 4872 --- [zellpayment-api] [restartedMain] .s.d.r.c.RepositoryConfigurationDelegate : Multiple Spring Data modules found, entering strict repository configuration mode
2026-09-10T18:44:21.569+05:30  INFO 4872 --- [zellpayment-api] [restartedMain] .s.d.r.c.RepositoryConfigurationDelegate : Bootstrapping Spring Data JPA repositories in DEFAULT mode.
2026-09-10T18:44:21.591+05:30  INFO 4872 --- [zellpayment-api] [restartedMain] .s.d.r.c.RepositoryConfigurationDelegate : Finished Spring Data repository scanning in 13 ms. Found 0 JPA repository interfaces.
2026-09-10T18:44:21.626+05:30  INFO 4872 --- [zellpayment-api] [restartedMain] .s.d.r.c.RepositoryConfigurationDelegate : Multiple Spring Data modules found, entering strict repository configuration mode
2026-09-10T18:44:21.626+05:30  INFO 4872 --- [zellpayment-api] [restartedMain] .s.d.r.c.RepositoryConfigurationDelegate : Bootstrapping Spring Data MongoDB repositories in DEFAULT mode.
2026-09-10T18:44:21.628+05:30  INFO 4872 --- [zellpayment-api] [restartedMain] .s.d.r.c.RepositoryConfigurationDelegate : Finished Spring Data repository scanning in 1 ms. Found 0 MongoDB repository interfaces.
2026-09-10T18:44:22.052+05:30  INFO 4872 --- [zellpayment-api] [restartedMain] o.s.boot.tomcat.TomcatWebServer          : Tomcat initialized with port 9092 (http)
2026-09-10T18:44:22.061+05:30  INFO 4872 --- [zellpayment-api] [restartedMain] o.apache.catalina.core.StandardService   : Starting service [Tomcat]
2026-09-10T18:44:22.061+05:30  INFO 4872 --- [zellpayment-api] [restartedMain] o.apache.catalina.core.StandardEngine    : Starting Servlet engine: [Apache Tomcat/11.0.24]
2026-09-10T18:44:22.094+05:30  INFO 4872 --- [zellpayment-api] [restartedMain] b.w.c.s.WebApplicationContextInitializer : Root WebApplicationContext: initialization completed in 1304 ms
2026-09-10T18:44:22.347+05:30  INFO 4872 --- [zellpayment-api] [restartedMain] com.zaxxer.hikari.HikariDataSource       : HikariPool-1 - Starting...
2026-09-10T18:44:22.543+05:30  INFO 4872 --- [zellpayment-api] [restartedMain] com.zaxxer.hikari.pool.HikariPool        : HikariPool-1 - Added connection oracle.jdbc.driver.T4CConnection@332dc3f0
2026-09-10T18:44:22.545+05:30  INFO 4872 --- [zellpayment-api] [restartedMain] com.zaxxer.hikari.HikariDataSource       : HikariPool-1 - Start completed.
2026-09-10T18:44:22.566+05:30  INFO 4872 --- [zellpayment-api] [restartedMain] org.hibernate.orm.jpa                    : HHH008540: Processing PersistenceUnitInfo [name: default]
2026-09-10T18:44:22.606+05:30  INFO 4872 --- [zellpayment-api] [restartedMain] org.hibernate.orm.core                   : HHH000001: Hibernate ORM core version 7.4.5.Final
2026-09-10T18:44:22.943+05:30  INFO 4872 --- [zellpayment-api] [restartedMain] o.s.o.j.p.SpringPersistenceUnitInfo      : No LoadTimeWeaver setup: ignoring JPA class transformer
2026-09-10T18:44:23.134+05:30  WARN 4872 --- [zellpayment-api] [restartedMain] org.hibernate.orm.core                   : HHH000511: The 11.2.0 version for [org.hibernate.dialect.OracleDialect] is no longer supported, hence certain features may not work properly.The minimum supported version is 19.0.0. Check the community dialects project for available legacy versions.
2026-09-10T18:44:23.153+05:30  WARN 4872 --- [zellpayment-api] [restartedMain] org.hibernate.orm.jdbc                   : HHH100123: Low default JDBC fetch size: 10 (consider setting 'hibernate.jdbc.fetch_size')
2026-09-10T18:44:23.155+05:30  INFO 4872 --- [zellpayment-api] [restartedMain] org.hibernate.orm.connections.pooling    : HHH10001005: Database info:
	Database JDBC URL [jdbc:oracle:thin:@localhost:1521:xe]
	Database driver: Oracle JDBC driver
	Database dialect: OracleDialect
	Database version: 11.2
	Default catalog/schema: undefined/SYSTEM
	Autocommit mode: undefined/unknown
	Isolation level: READ_COMMITTED [default READ_COMMITTED]
	JDBC fetch size: 10
	Pool: DataSourceConnectionProvider
	Minimum pool size: undefined/unknown
	Maximum pool size: undefined/unknown
2026-09-10T18:44:23.449+05:30  INFO 4872 --- [zellpayment-api] [restartedMain] org.hibernate.orm.core                   : HHH000489: No JTA platform available (set 'hibernate.transaction.jta.platform' to enable JTA platform integration)
2026-09-10T18:44:23.460+05:30  INFO 4872 --- [zellpayment-api] [restartedMain] j.LocalContainerEntityManagerFactoryBean : Initialized JPA EntityManagerFactory for persistence unit 'default'
2026-09-10T18:44:23.566+05:30  WARN 4872 --- [zellpayment-api] [restartedMain] JpaBaseConfiguration$JpaWebConfiguration : spring.jpa.open-in-view is enabled by default. Therefore, database queries may be performed during view rendering. Explicitly configure spring.jpa.open-in-view to disable this warning
2026-09-10T18:44:23.991+05:30  INFO 4872 --- [zellpayment-api] [restartedMain] org.mongodb.driver.client                : MongoClient with metadata {"driver": {"name": "mongo-java-driver|spring-boot|sync", "version": "5.8.1"}, "os": {"type": "Windows", "name": "Windows 11", "architecture": "amd64", "version": "10.0"}, "platform": "Java/Oracle Corporation/26.0.2.1+1-7"} created with settings MongoClientSettings{readPreference=primary, writeConcern=WriteConcern{w=null, wTimeout=null ms, journal=null}, retryWrites=true, retryReads=true, readConcern=ReadConcern{level=null}, credential=null, transportSettings=null, commandListeners=[io.micrometer.core.instrument.binder.mongodb.MongoMetricsCommandListener@3e052bae], codecRegistry=ProvidersCodecRegistry{codecProviders=[ValueCodecProvider{}, BsonValueCodecProvider{}, DBRefCodecProvider{}, DBObjectCodecProvider{}, DocumentCodecProvider{}, CollectionCodecProvider{}, IterableCodecProvider{}, MapCodecProvider{}, GeoJsonCodecProvider{}, GridFSFileCodecProvider{}, Jsr310CodecProvider{}, JsonObjectCodecProvider{}, BsonCodecProvider{}, com.mongodb.client.model.mql.ExpressionCodecProvider@3f68e19a, com.mongodb.Jep395RecordCodecProvider@603fd9bc, com.mongodb.KotlinCodecProvider@5291fa79, EnumCodecProvider{}]}, loggerSettings=LoggerSettings{maxDocumentLength=1000}, clusterSettings={hosts=[localhost:27017], srvServiceName=mongodb, mode=SINGLE, requiredClusterType=UNKNOWN, requiredReplicaSetName='null', serverSelector='null', clusterListeners='[]', serverSelectionTimeout='30000 ms', localThreshold='15 ms'}, socketSettings=SocketSettings{connectTimeoutMS=10000, readTimeoutMS=0, receiveBufferSize=0, proxySettings=ProxySettings{host=null, port=null, username=null, password=null}}, heartbeatSocketSettings=SocketSettings{connectTimeoutMS=10000, readTimeoutMS=10000, receiveBufferSize=0, proxySettings=ProxySettings{host=null, port=null, username=null, password=null}}, connectionPoolSettings=ConnectionPoolSettings{maxSize=100, minSize=0, maxWaitTimeMS=120000, maxConnectionLifeTimeMS=0, maxConnectionIdleTimeMS=0, maintenanceInitialDelayMS=0, maintenanceFrequencyMS=60000, connectionPoolListeners=[io.micrometer.core.instrument.binder.mongodb.MongoMetricsConnectionPoolListener@1c4eadd4], maxConnecting=2}, serverSettings=ServerSettings{heartbeatFrequencyMS=10000, minHeartbeatFrequencyMS=500, serverMonitoringMode=AUTO, serverListeners='[]', serverMonitorListeners='[]'}, sslSettings=SslSettings{enabled=false, invalidHostNameAllowed=false, context=null}, applicationName='null', compressorList=[], uuidRepresentation=UNSPECIFIED, serverApi=null, autoEncryptionSettings=null, dnsClient=null, inetAddressResolver=null, contextProvider=null, timeoutMS=null}
2026-09-10T18:44:24.002+05:30  INFO 4872 --- [zellpayment-api] [cluster-6aa2ad2fdad3e53b9e6d1d4f-localhost:27017] org.mongodb.driver.cluster               : Monitor thread successfully connected to server with description ServerDescription{address=localhost:27017, type=STANDALONE, cryptd=false, state=CONNECTED, ok=true, minWireVersion=0, maxWireVersion=28, maxDocumentSize=16777216, logicalSessionTimeoutMinutes=30, roundTripTimeNanos=13603000, minRoundTripTimeNanos=0}
2026-09-10T18:44:24.222+05:30  INFO 4872 --- [zellpayment-api] [restartedMain] o.s.b.a.e.web.EndpointLinksResolver      : Exposing 13 endpoints beneath base path '/actuator'
2026-09-10T18:44:24.280+05:30  INFO 4872 --- [zellpayment-api] [restartedMain] o.s.boot.tomcat.TomcatWebServer          : Tomcat started on port 9092 (http) with context path '/'
2026-09-10T18:44:24.287+05:30  INFO 4872 --- [zellpayment-api] [restartedMain] c.zellpayment.ZellpaymentApiApplication  : Started ZellpaymentApiApplication in 4.2 seconds (process running for 4.67)
2026-09-10T18:44:24.291+05:30  WARN 4872 --- [zellpayment-api] [restartedMain] o.s.core.events.SpringDocAppInitializer  : SpringDoc /v3/api-docs endpoint is enabled by default. To disable it in production, set the property 'springdoc.api-docs.enabled=false'
2026-09-10T18:44:24.291+05:30  WARN 4872 --- [zellpayment-api] [restartedMain] o.s.core.events.SpringDocAppInitializer  : SpringDoc /swagger-ui.html endpoint is enabled by default. To disable it in production, set the property 'springdoc.swagger-ui.enabled=false'
2026-09-10T18:44:24.292+05:30  INFO 4872 --- [zellpayment-api] [restartedMain] c.zellpayment.ZellpaymentApiApplication  : ZellpaymentApiApplication started
2026-09-10T18:44:31.295+05:30  INFO 4872 --- [zellpayment-api] [http-nio-9092-exec-1] o.a.c.c.C.[Tomcat].[localhost].[/]       : Initializing Spring DispatcherServlet 'dispatcherServlet'
2026-09-10T18:44:31.295+05:30  INFO 4872 --- [zellpayment-api] [http-nio-9092-exec-1] o.s.web.servlet.DispatcherServlet        : Initializing Servlet 'dispatcherServlet'
2026-09-10T18:44:31.297+05:30  INFO 4872 --- [zellpayment-api] [http-nio-9092-exec-1] o.s.web.servlet.DispatcherServlet        : Completed initialization in 2 ms
2026-09-10T18:45:28.118+05:30  INFO 4872 --- [zellpayment-api] [SpringApplicationShutdownHook] o.s.boot.tomcat.GracefulShutdown         : Commencing graceful shutdown. Waiting for active requests to complete
2026-09-10T18:45:28.128+05:30  INFO 4872 --- [zellpayment-api] [tomcat-shutdown] o.s.boot.tomcat.GracefulShutdown         : Graceful shutdown complete
2026-09-10T18:45:28.145+05:30  INFO 4872 --- [zellpayment-api] [SpringApplicationShutdownHook] j.LocalContainerEntityManagerFactoryBean : Closing JPA EntityManagerFactory for persistence unit 'default'
2026-09-10T18:45:28.151+05:30  INFO 4872 --- [zellpayment-api] [SpringApplicationShutdownHook] com.zaxxer.hikari.HikariDataSource       : HikariPool-1 - Shutdown initiated...
2026-09-10T18:45:28.165+05:30  INFO 4872 --- [zellpayment-api] [SpringApplicationShutdownHook] com.zaxxer.hikari.HikariDataSource       : HikariPool-1 - Shutdown completed.
2026-09-10T18:45:30.229+05:30  INFO 26828 --- [zellpayment-api] [restartedMain] c.zellpayment.ZellpaymentApiApplication  : Starting ZellpaymentApiApplication using Java 26.0.2.1 with PID 26828 (C:\Xworkz Internship\zellpayment-api\zellpayment-api\build\classes\java\main started by SHASHANK in C:\Xworkz Internship\zellpayment-api\zellpayment-api)
2026-09-10T18:45:30.234+05:30 DEBUG 26828 --- [zellpayment-api] [restartedMain] c.zellpayment.ZellpaymentApiApplication  : Running with Spring Boot v4.1.1, Spring v7.0.9
2026-09-10T18:45:30.235+05:30  INFO 26828 --- [zellpayment-api] [restartedMain] c.zellpayment.ZellpaymentApiApplication  : The following 1 profile is active: "uat"
2026-09-10T18:45:30.272+05:30  INFO 26828 --- [zellpayment-api] [restartedMain] o.s.b.devtools.restart.ChangeableUrls    : The Class-Path manifest attribute in C:\Users\SHASHANK\.gradle\caches\modules-2\files-2.1\com.oracle.database.jdbc\ojdbc11\23.26.3.0.0\6936aba69cb7142aac36a53ed920af563b0e1dd1\ojdbc11-23.26.3.0.0.jar referenced one or more files that do not exist: file:/C:/Users/SHASHANK/.gradle/caches/modules-2/files-2.1/com.oracle.database.jdbc/ojdbc11/23.26.3.0.0/6936aba69cb7142aac36a53ed920af563b0e1dd1/oraclepki.jar
2026-09-10T18:45:30.272+05:30  INFO 26828 --- [zellpayment-api] [restartedMain] .e.DevToolsPropertyDefaultsPostProcessor : Devtools property defaults active! Set 'spring.devtools.add-properties' to 'false' to disable
2026-09-10T18:45:30.273+05:30  INFO 26828 --- [zellpayment-api] [restartedMain] .e.DevToolsPropertyDefaultsPostProcessor : For additional web related logging consider setting the 'logging.level.web' property to 'DEBUG'
2026-09-10T18:45:31.007+05:30  INFO 26828 --- [zellpayment-api] [restartedMain] .s.d.r.c.RepositoryConfigurationDelegate : Multiple Spring Data modules found, entering strict repository configuration mode
2026-09-10T18:45:31.008+05:30  INFO 26828 --- [zellpayment-api] [restartedMain] .s.d.r.c.RepositoryConfigurationDelegate : Bootstrapping Spring Data JPA repositories in DEFAULT mode.
2026-09-10T18:45:31.023+05:30  INFO 26828 --- [zellpayment-api] [restartedMain] .s.d.r.c.RepositoryConfigurationDelegate : Finished Spring Data repository scanning in 9 ms. Found 0 JPA repository interfaces.
2026-09-10T18:45:31.046+05:30  INFO 26828 --- [zellpayment-api] [restartedMain] .s.d.r.c.RepositoryConfigurationDelegate : Multiple Spring Data modules found, entering strict repository configuration mode
2026-09-10T18:45:31.046+05:30  INFO 26828 --- [zellpayment-api] [restartedMain] .s.d.r.c.RepositoryConfigurationDelegate : Bootstrapping Spring Data MongoDB repositories in DEFAULT mode.
2026-09-10T18:45:31.048+05:30  INFO 26828 --- [zellpayment-api] [restartedMain] .s.d.r.c.RepositoryConfigurationDelegate : Finished Spring Data repository scanning in 1 ms. Found 0 MongoDB repository interfaces.
2026-09-10T18:45:31.479+05:30  INFO 26828 --- [zellpayment-api] [restartedMain] o.s.boot.tomcat.TomcatWebServer          : Tomcat initialized with port 9092 (http)
2026-09-10T18:45:31.496+05:30  INFO 26828 --- [zellpayment-api] [restartedMain] o.apache.catalina.core.StandardService   : Starting service [Tomcat]
2026-09-10T18:45:31.497+05:30  INFO 26828 --- [zellpayment-api] [restartedMain] o.apache.catalina.core.StandardEngine    : Starting Servlet engine: [Apache Tomcat/11.0.24]
2026-09-10T18:45:31.530+05:30  INFO 26828 --- [zellpayment-api] [restartedMain] b.w.c.s.WebApplicationContextInitializer : Root WebApplicationContext: initialization completed in 1257 ms
2026-09-10T18:45:31.772+05:30  INFO 26828 --- [zellpayment-api] [restartedMain] com.zaxxer.hikari.HikariDataSource       : HikariPool-1 - Starting...
2026-09-10T18:45:31.972+05:30  INFO 26828 --- [zellpayment-api] [restartedMain] com.zaxxer.hikari.pool.HikariPool        : HikariPool-1 - Added connection oracle.jdbc.driver.T4CConnection@7c7caf8d
2026-09-10T18:45:31.974+05:30  INFO 26828 --- [zellpayment-api] [restartedMain] com.zaxxer.hikari.HikariDataSource       : HikariPool-1 - Start completed.
2026-09-10T18:45:32.000+05:30  INFO 26828 --- [zellpayment-api] [restartedMain] org.hibernate.orm.jpa                    : HHH008540: Processing PersistenceUnitInfo [name: default]
2026-09-10T18:45:32.045+05:30  INFO 26828 --- [zellpayment-api] [restartedMain] org.hibernate.orm.core                   : HHH000001: Hibernate ORM core version 7.4.5.Final
2026-09-10T18:45:32.381+05:30  INFO 26828 --- [zellpayment-api] [restartedMain] o.s.o.j.p.SpringPersistenceUnitInfo      : No LoadTimeWeaver setup: ignoring JPA class transformer
2026-09-10T18:45:32.558+05:30  WARN 26828 --- [zellpayment-api] [restartedMain] org.hibernate.orm.core                   : HHH000511: The 11.2.0 version for [org.hibernate.dialect.OracleDialect] is no longer supported, hence certain features may not work properly.The minimum supported version is 19.0.0. Check the community dialects project for available legacy versions.
2026-09-10T18:45:32.583+05:30  WARN 26828 --- [zellpayment-api] [restartedMain] org.hibernate.orm.jdbc                   : HHH100123: Low default JDBC fetch size: 10 (consider setting 'hibernate.jdbc.fetch_size')
2026-09-10T18:45:32.586+05:30  INFO 26828 --- [zellpayment-api] [restartedMain] org.hibernate.orm.connections.pooling    : HHH10001005: Database info:
	Database JDBC URL [jdbc:oracle:thin:@localhost:1521:xe]
	Database driver: Oracle JDBC driver
	Database dialect: OracleDialect
	Database version: 11.2
	Default catalog/schema: undefined/SYSTEM
	Autocommit mode: undefined/unknown
	Isolation level: READ_COMMITTED [default READ_COMMITTED]
	JDBC fetch size: 10
	Pool: DataSourceConnectionProvider
	Minimum pool size: undefined/unknown
	Maximum pool size: undefined/unknown
2026-09-10T18:45:32.907+05:30  INFO 26828 --- [zellpayment-api] [restartedMain] org.hibernate.orm.core                   : HHH000489: No JTA platform available (set 'hibernate.transaction.jta.platform' to enable JTA platform integration)
2026-09-10T18:45:32.915+05:30  INFO 26828 --- [zellpayment-api] [restartedMain] j.LocalContainerEntityManagerFactoryBean : Initialized JPA EntityManagerFactory for persistence unit 'default'
2026-09-10T18:45:33.009+05:30  WARN 26828 --- [zellpayment-api] [restartedMain] JpaBaseConfiguration$JpaWebConfiguration : spring.jpa.open-in-view is enabled by default. Therefore, database queries may be performed during view rendering. Explicitly configure spring.jpa.open-in-view to disable this warning
2026-09-10T18:45:33.411+05:30  INFO 26828 --- [zellpayment-api] [restartedMain] org.mongodb.driver.client                : MongoClient with metadata {"driver": {"name": "mongo-java-driver|spring-boot|sync", "version": "5.8.1"}, "os": {"type": "Windows", "name": "Windows 11", "architecture": "amd64", "version": "10.0"}, "platform": "Java/Oracle Corporation/26.0.2.1+1-7"} created with settings MongoClientSettings{readPreference=primary, writeConcern=WriteConcern{w=null, wTimeout=null ms, journal=null}, retryWrites=true, retryReads=true, readConcern=ReadConcern{level=null}, credential=null, transportSettings=null, commandListeners=[io.micrometer.core.instrument.binder.mongodb.MongoMetricsCommandListener@56e7d316], codecRegistry=ProvidersCodecRegistry{codecProviders=[ValueCodecProvider{}, BsonValueCodecProvider{}, DBRefCodecProvider{}, DBObjectCodecProvider{}, DocumentCodecProvider{}, CollectionCodecProvider{}, IterableCodecProvider{}, MapCodecProvider{}, GeoJsonCodecProvider{}, GridFSFileCodecProvider{}, Jsr310CodecProvider{}, JsonObjectCodecProvider{}, BsonCodecProvider{}, com.mongodb.client.model.mql.ExpressionCodecProvider@112aa26b, com.mongodb.Jep395RecordCodecProvider@6dac6bc8, com.mongodb.KotlinCodecProvider@72df1134, EnumCodecProvider{}]}, loggerSettings=LoggerSettings{maxDocumentLength=1000}, clusterSettings={hosts=[localhost:27017], srvServiceName=mongodb, mode=SINGLE, requiredClusterType=UNKNOWN, requiredReplicaSetName='null', serverSelector='null', clusterListeners='[]', serverSelectionTimeout='30000 ms', localThreshold='15 ms'}, socketSettings=SocketSettings{connectTimeoutMS=10000, readTimeoutMS=0, receiveBufferSize=0, proxySettings=ProxySettings{host=null, port=null, username=null, password=null}}, heartbeatSocketSettings=SocketSettings{connectTimeoutMS=10000, readTimeoutMS=10000, receiveBufferSize=0, proxySettings=ProxySettings{host=null, port=null, username=null, password=null}}, connectionPoolSettings=ConnectionPoolSettings{maxSize=100, minSize=0, maxWaitTimeMS=120000, maxConnectionLifeTimeMS=0, maxConnectionIdleTimeMS=0, maintenanceInitialDelayMS=0, maintenanceFrequencyMS=60000, connectionPoolListeners=[io.micrometer.core.instrument.binder.mongodb.MongoMetricsConnectionPoolListener@343f492f], maxConnecting=2}, serverSettings=ServerSettings{heartbeatFrequencyMS=10000, minHeartbeatFrequencyMS=500, serverMonitoringMode=AUTO, serverListeners='[]', serverMonitorListeners='[]'}, sslSettings=SslSettings{enabled=false, invalidHostNameAllowed=false, context=null}, applicationName='null', compressorList=[], uuidRepresentation=UNSPECIFIED, serverApi=null, autoEncryptionSettings=null, dnsClient=null, inetAddressResolver=null, contextProvider=null, timeoutMS=null}
2026-09-10T18:45:33.419+05:30  INFO 26828 --- [zellpayment-api] [cluster-6aa2ad75192bfcfa931c11c5-localhost:27017] org.mongodb.driver.cluster               : Monitor thread successfully connected to server with description ServerDescription{address=localhost:27017, type=STANDALONE, cryptd=false, state=CONNECTED, ok=true, minWireVersion=0, maxWireVersion=28, maxDocumentSize=16777216, logicalSessionTimeoutMinutes=30, roundTripTimeNanos=13293500, minRoundTripTimeNanos=0}
2026-09-10T18:45:33.637+05:30  INFO 26828 --- [zellpayment-api] [restartedMain] o.s.b.a.e.web.EndpointLinksResolver      : Exposing 13 endpoints beneath base path '/actuator'
2026-09-10T18:45:33.696+05:30  INFO 26828 --- [zellpayment-api] [restartedMain] o.s.boot.tomcat.TomcatWebServer          : Tomcat started on port 9092 (http) with context path '/'
2026-09-10T18:45:33.703+05:30  INFO 26828 --- [zellpayment-api] [restartedMain] c.zellpayment.ZellpaymentApiApplication  : Started ZellpaymentApiApplication in 3.909 seconds (process running for 4.365)
2026-09-10T18:45:33.707+05:30  WARN 26828 --- [zellpayment-api] [restartedMain] o.s.core.events.SpringDocAppInitializer  : SpringDoc /v3/api-docs endpoint is enabled by default. To disable it in production, set the property 'springdoc.api-docs.enabled=false'
2026-09-10T18:45:33.707+05:30  WARN 26828 --- [zellpayment-api] [restartedMain] o.s.core.events.SpringDocAppInitializer  : SpringDoc /swagger-ui.html endpoint is enabled by default. To disable it in production, set the property 'springdoc.swagger-ui.enabled=false'
2026-09-10T18:45:33.708+05:30  INFO 26828 --- [zellpayment-api] [restartedMain] c.zellpayment.ZellpaymentApiApplication  : ZellpaymentApiApplication started
2026-09-10T18:45:48.720+05:30  INFO 26828 --- [zellpayment-api] [http-nio-9092-exec-1] o.a.c.c.C.[Tomcat].[localhost].[/]       : Initializing Spring DispatcherServlet 'dispatcherServlet'
2026-09-10T18:45:48.720+05:30  INFO 26828 --- [zellpayment-api] [http-nio-9092-exec-1] o.s.web.servlet.DispatcherServlet        : Initializing Servlet 'dispatcherServlet'
2026-09-10T18:45:48.722+05:30  INFO 26828 --- [zellpayment-api] [http-nio-9092-exec-1] o.s.web.servlet.DispatcherServlet        : Completed initialization in 2 ms
2026-09-10T18:49:28.143+05:30  INFO 26828 --- [zellpayment-api] [SpringApplicationShutdownHook] o.s.boot.tomcat.GracefulShutdown         : Commencing graceful shutdown. Waiting for active requests to complete
2026-09-10T18:49:28.147+05:30  INFO 26828 --- [zellpayment-api] [tomcat-shutdown] o.s.boot.tomcat.GracefulShutdown         : Graceful shutdown complete
2026-09-10T18:49:28.154+05:30  INFO 26828 --- [zellpayment-api] [SpringApplicationShutdownHook] j.LocalContainerEntityManagerFactoryBean : Closing JPA EntityManagerFactory for persistence unit 'default'
2026-09-10T18:49:28.156+05:30  INFO 26828 --- [zellpayment-api] [SpringApplicationShutdownHook] com.zaxxer.hikari.HikariDataSource       : HikariPool-1 - Shutdown initiated...
2026-09-10T18:49:28.164+05:30  INFO 26828 --- [zellpayment-api] [SpringApplicationShutdownHook] com.zaxxer.hikari.HikariDataSource       : HikariPool-1 - Shutdown completed.
2026-09-10T18:49:31.044+05:30  INFO 20960 --- [zellpayment-api] [restartedMain] c.zellpayment.ZellpaymentApiApplication  : Starting ZellpaymentApiApplication using Java 26.0.2.1 with PID 20960 (C:\Xworkz Internship\zellpayment-api\zellpayment-api\build\classes\java\main started by SHASHANK in C:\Xworkz Internship\zellpayment-api\zellpayment-api)
2026-09-10T18:49:31.046+05:30 DEBUG 20960 --- [zellpayment-api] [restartedMain] c.zellpayment.ZellpaymentApiApplication  : Running with Spring Boot v4.1.1, Spring v7.0.9
2026-09-10T18:49:31.048+05:30  INFO 20960 --- [zellpayment-api] [restartedMain] c.zellpayment.ZellpaymentApiApplication  : The following 1 profile is active: "uat"
2026-09-10T18:49:31.123+05:30  INFO 20960 --- [zellpayment-api] [restartedMain] o.s.b.devtools.restart.ChangeableUrls    : The Class-Path manifest attribute in C:\Users\SHASHANK\.gradle\caches\modules-2\files-2.1\com.oracle.database.jdbc\ojdbc11\23.26.3.0.0\6936aba69cb7142aac36a53ed920af563b0e1dd1\ojdbc11-23.26.3.0.0.jar referenced one or more files that do not exist: file:/C:/Users/SHASHANK/.gradle/caches/modules-2/files-2.1/com.oracle.database.jdbc/ojdbc11/23.26.3.0.0/6936aba69cb7142aac36a53ed920af563b0e1dd1/oraclepki.jar
2026-09-10T18:49:31.123+05:30  INFO 20960 --- [zellpayment-api] [restartedMain] .e.DevToolsPropertyDefaultsPostProcessor : Devtools property defaults active! Set 'spring.devtools.add-properties' to 'false' to disable
2026-09-10T18:49:31.123+05:30  INFO 20960 --- [zellpayment-api] [restartedMain] .e.DevToolsPropertyDefaultsPostProcessor : For additional web related logging consider setting the 'logging.level.web' property to 'DEBUG'
2026-09-10T18:49:31.949+05:30  INFO 20960 --- [zellpayment-api] [restartedMain] .s.d.r.c.RepositoryConfigurationDelegate : Multiple Spring Data modules found, entering strict repository configuration mode
2026-09-10T18:49:31.950+05:30  INFO 20960 --- [zellpayment-api] [restartedMain] .s.d.r.c.RepositoryConfigurationDelegate : Bootstrapping Spring Data JPA repositories in DEFAULT mode.
2026-09-10T18:49:31.969+05:30  INFO 20960 --- [zellpayment-api] [restartedMain] .s.d.r.c.RepositoryConfigurationDelegate : Finished Spring Data repository scanning in 10 ms. Found 0 JPA repository interfaces.
2026-09-10T18:49:31.997+05:30  INFO 20960 --- [zellpayment-api] [restartedMain] .s.d.r.c.RepositoryConfigurationDelegate : Multiple Spring Data modules found, entering strict repository configuration mode
2026-09-10T18:49:31.997+05:30  INFO 20960 --- [zellpayment-api] [restartedMain] .s.d.r.c.RepositoryConfigurationDelegate : Bootstrapping Spring Data MongoDB repositories in DEFAULT mode.
2026-09-10T18:49:31.999+05:30  INFO 20960 --- [zellpayment-api] [restartedMain] .s.d.r.c.RepositoryConfigurationDelegate : Finished Spring Data repository scanning in 1 ms. Found 0 MongoDB repository interfaces.
2026-09-10T18:49:32.455+05:30  INFO 20960 --- [zellpayment-api] [restartedMain] o.s.boot.tomcat.TomcatWebServer          : Tomcat initialized with port 9092 (http)
2026-09-10T18:49:32.477+05:30  INFO 20960 --- [zellpayment-api] [restartedMain] o.apache.catalina.core.StandardService   : Starting service [Tomcat]
2026-09-10T18:49:32.477+05:30  INFO 20960 --- [zellpayment-api] [restartedMain] o.apache.catalina.core.StandardEngine    : Starting Servlet engine: [Apache Tomcat/11.0.24]
2026-09-10T18:49:32.524+05:30  INFO 20960 --- [zellpayment-api] [restartedMain] b.w.c.s.WebApplicationContextInitializer : Root WebApplicationContext: initialization completed in 1400 ms
2026-09-10T18:49:32.790+05:30  INFO 20960 --- [zellpayment-api] [restartedMain] com.zaxxer.hikari.HikariDataSource       : HikariPool-1 - Starting...
2026-09-10T18:49:33.006+05:30  INFO 20960 --- [zellpayment-api] [restartedMain] com.zaxxer.hikari.pool.HikariPool        : HikariPool-1 - Added connection oracle.jdbc.driver.T4CConnection@4eb192dc
2026-09-10T18:49:33.009+05:30  INFO 20960 --- [zellpayment-api] [restartedMain] com.zaxxer.hikari.HikariDataSource       : HikariPool-1 - Start completed.
2026-09-10T18:49:33.032+05:30  INFO 20960 --- [zellpayment-api] [restartedMain] org.hibernate.orm.jpa                    : HHH008540: Processing PersistenceUnitInfo [name: default]
2026-09-10T18:49:33.071+05:30  INFO 20960 --- [zellpayment-api] [restartedMain] org.hibernate.orm.core                   : HHH000001: Hibernate ORM core version 7.4.5.Final
2026-09-10T18:49:33.436+05:30  INFO 20960 --- [zellpayment-api] [restartedMain] o.s.o.j.p.SpringPersistenceUnitInfo      : No LoadTimeWeaver setup: ignoring JPA class transformer
2026-09-10T18:49:33.608+05:30  WARN 20960 --- [zellpayment-api] [restartedMain] org.hibernate.orm.core                   : HHH000511: The 11.2.0 version for [org.hibernate.dialect.OracleDialect] is no longer supported, hence certain features may not work properly.The minimum supported version is 19.0.0. Check the community dialects project for available legacy versions.
2026-09-10T18:49:33.644+05:30  WARN 20960 --- [zellpayment-api] [restartedMain] org.hibernate.orm.jdbc                   : HHH100123: Low default JDBC fetch size: 10 (consider setting 'hibernate.jdbc.fetch_size')
2026-09-10T18:49:33.651+05:30  INFO 20960 --- [zellpayment-api] [restartedMain] org.hibernate.orm.connections.pooling    : HHH10001005: Database info:
	Database JDBC URL [jdbc:oracle:thin:@localhost:1521:xe]
	Database driver: Oracle JDBC driver
	Database dialect: OracleDialect
	Database version: 11.2
	Default catalog/schema: undefined/SYSTEM
	Autocommit mode: undefined/unknown
	Isolation level: READ_COMMITTED [default READ_COMMITTED]
	JDBC fetch size: 10
	Pool: DataSourceConnectionProvider
	Minimum pool size: undefined/unknown
	Maximum pool size: undefined/unknown
2026-09-10T18:49:33.971+05:30  INFO 20960 --- [zellpayment-api] [restartedMain] org.hibernate.orm.core                   : HHH000489: No JTA platform available (set 'hibernate.transaction.jta.platform' to enable JTA platform integration)
2026-09-10T18:49:33.978+05:30  INFO 20960 --- [zellpayment-api] [restartedMain] j.LocalContainerEntityManagerFactoryBean : Initialized JPA EntityManagerFactory for persistence unit 'default'
2026-09-10T18:49:34.083+05:30  WARN 20960 --- [zellpayment-api] [restartedMain] JpaBaseConfiguration$JpaWebConfiguration : spring.jpa.open-in-view is enabled by default. Therefore, database queries may be performed during view rendering. Explicitly configure spring.jpa.open-in-view to disable this warning
2026-09-10T18:49:34.551+05:30  INFO 20960 --- [zellpayment-api] [restartedMain] org.mongodb.driver.client                : MongoClient with metadata {"driver": {"name": "mongo-java-driver|spring-boot|sync", "version": "5.8.1"}, "os": {"type": "Windows", "name": "Windows 11", "architecture": "amd64", "version": "10.0"}, "platform": "Java/Oracle Corporation/26.0.2.1+1-7"} created with settings MongoClientSettings{readPreference=primary, writeConcern=WriteConcern{w=null, wTimeout=null ms, journal=null}, retryWrites=true, retryReads=true, readConcern=ReadConcern{level=null}, credential=null, transportSettings=null, commandListeners=[io.micrometer.core.instrument.binder.mongodb.MongoMetricsCommandListener@5b897cb], codecRegistry=ProvidersCodecRegistry{codecProviders=[ValueCodecProvider{}, BsonValueCodecProvider{}, DBRefCodecProvider{}, DBObjectCodecProvider{}, DocumentCodecProvider{}, CollectionCodecProvider{}, IterableCodecProvider{}, MapCodecProvider{}, GeoJsonCodecProvider{}, GridFSFileCodecProvider{}, Jsr310CodecProvider{}, JsonObjectCodecProvider{}, BsonCodecProvider{}, com.mongodb.client.model.mql.ExpressionCodecProvider@1765217, com.mongodb.Jep395RecordCodecProvider@23fb510e, com.mongodb.KotlinCodecProvider@25b62b63, EnumCodecProvider{}]}, loggerSettings=LoggerSettings{maxDocumentLength=1000}, clusterSettings={hosts=[localhost:27017], srvServiceName=mongodb, mode=SINGLE, requiredClusterType=UNKNOWN, requiredReplicaSetName='null', serverSelector='null', clusterListeners='[]', serverSelectionTimeout='30000 ms', localThreshold='15 ms'}, socketSettings=SocketSettings{connectTimeoutMS=10000, readTimeoutMS=0, receiveBufferSize=0, proxySettings=ProxySettings{host=null, port=null, username=null, password=null}}, heartbeatSocketSettings=SocketSettings{connectTimeoutMS=10000, readTimeoutMS=10000, receiveBufferSize=0, proxySettings=ProxySettings{host=null, port=null, username=null, password=null}}, connectionPoolSettings=ConnectionPoolSettings{maxSize=100, minSize=0, maxWaitTimeMS=120000, maxConnectionLifeTimeMS=0, maxConnectionIdleTimeMS=0, maintenanceInitialDelayMS=0, maintenanceFrequencyMS=60000, connectionPoolListeners=[io.micrometer.core.instrument.binder.mongodb.MongoMetricsConnectionPoolListener@2ada625d], maxConnecting=2}, serverSettings=ServerSettings{heartbeatFrequencyMS=10000, minHeartbeatFrequencyMS=500, serverMonitoringMode=AUTO, serverListeners='[]', serverMonitorListeners='[]'}, sslSettings=SslSettings{enabled=false, invalidHostNameAllowed=false, context=null}, applicationName='null', compressorList=[], uuidRepresentation=UNSPECIFIED, serverApi=null, autoEncryptionSettings=null, dnsClient=null, inetAddressResolver=null, contextProvider=null, timeoutMS=null}
2026-09-10T18:49:34.559+05:30  INFO 20960 --- [zellpayment-api] [cluster-6aa2ae66250627bf1b6174a9-localhost:27017] org.mongodb.driver.cluster               : Monitor thread successfully connected to server with description ServerDescription{address=localhost:27017, type=STANDALONE, cryptd=false, state=CONNECTED, ok=true, minWireVersion=0, maxWireVersion=28, maxDocumentSize=16777216, logicalSessionTimeoutMinutes=30, roundTripTimeNanos=14097900, minRoundTripTimeNanos=0}
2026-09-10T18:49:34.823+05:30  INFO 20960 --- [zellpayment-api] [restartedMain] o.s.b.a.e.web.EndpointLinksResolver      : Exposing 13 endpoints beneath base path '/actuator'
2026-09-10T18:49:34.880+05:30  INFO 20960 --- [zellpayment-api] [restartedMain] o.s.boot.tomcat.TomcatWebServer          : Tomcat started on port 9092 (http) with context path '/'
2026-09-10T18:49:34.887+05:30  INFO 20960 --- [zellpayment-api] [restartedMain] c.zellpayment.ZellpaymentApiApplication  : Started ZellpaymentApiApplication in 4.297 seconds (process running for 4.773)
2026-09-10T18:49:34.891+05:30  WARN 20960 --- [zellpayment-api] [restartedMain] o.s.core.events.SpringDocAppInitializer  : SpringDoc /v3/api-docs endpoint is enabled by default. To disable it in production, set the property 'springdoc.api-docs.enabled=false'
2026-09-10T18:49:34.891+05:30  WARN 20960 --- [zellpayment-api] [restartedMain] o.s.core.events.SpringDocAppInitializer  : SpringDoc /swagger-ui.html endpoint is enabled by default. To disable it in production, set the property 'springdoc.swagger-ui.enabled=false'
2026-09-10T18:49:34.892+05:30  INFO 20960 --- [zellpayment-api] [restartedMain] c.zellpayment.ZellpaymentApiApplication  : ZellpaymentApiApplication started
2026-09-10T18:49:39.209+05:30  INFO 20960 --- [zellpayment-api] [SpringApplicationShutdownHook] o.s.boot.tomcat.GracefulShutdown         : Commencing graceful shutdown. Waiting for active requests to complete
2026-09-10T18:49:39.214+05:30  INFO 20960 --- [zellpayment-api] [tomcat-shutdown] o.s.boot.tomcat.GracefulShutdown         : Graceful shutdown complete
2026-09-10T18:49:39.219+05:30  INFO 20960 --- [zellpayment-api] [SpringApplicationShutdownHook] j.LocalContainerEntityManagerFactoryBean : Closing JPA EntityManagerFactory for persistence unit 'default'
2026-09-10T18:49:39.221+05:30  INFO 20960 --- [zellpayment-api] [SpringApplicationShutdownHook] com.zaxxer.hikari.HikariDataSource       : HikariPool-1 - Shutdown initiated...
2026-09-10T18:49:39.228+05:30  INFO 20960 --- [zellpayment-api] [SpringApplicationShutdownHook] com.zaxxer.hikari.HikariDataSource       : HikariPool-1 - Shutdown completed.
2026-09-10T18:49:41.294+05:30  INFO 25840 --- [zellpayment-api] [restartedMain] c.zellpayment.ZellpaymentApiApplication  : Starting ZellpaymentApiApplication using Java 26.0.2.1 with PID 25840 (C:\Xworkz Internship\zellpayment-api\zellpayment-api\build\classes\java\main started by SHASHANK in C:\Xworkz Internship\zellpayment-api\zellpayment-api)
2026-09-10T18:49:41.299+05:30 DEBUG 25840 --- [zellpayment-api] [restartedMain] c.zellpayment.ZellpaymentApiApplication  : Running with Spring Boot v4.1.1, Spring v7.0.9
2026-09-10T18:49:41.299+05:30  INFO 25840 --- [zellpayment-api] [restartedMain] c.zellpayment.ZellpaymentApiApplication  : The following 1 profile is active: "uat"
2026-09-10T18:49:41.340+05:30  INFO 25840 --- [zellpayment-api] [restartedMain] o.s.b.devtools.restart.ChangeableUrls    : The Class-Path manifest attribute in C:\Users\SHASHANK\.gradle\caches\modules-2\files-2.1\com.oracle.database.jdbc\ojdbc11\23.26.3.0.0\6936aba69cb7142aac36a53ed920af563b0e1dd1\ojdbc11-23.26.3.0.0.jar referenced one or more files that do not exist: file:/C:/Users/SHASHANK/.gradle/caches/modules-2/files-2.1/com.oracle.database.jdbc/ojdbc11/23.26.3.0.0/6936aba69cb7142aac36a53ed920af563b0e1dd1/oraclepki.jar
2026-09-10T18:49:41.341+05:30  INFO 25840 --- [zellpayment-api] [restartedMain] .e.DevToolsPropertyDefaultsPostProcessor : Devtools property defaults active! Set 'spring.devtools.add-properties' to 'false' to disable
2026-09-10T18:49:41.341+05:30  INFO 25840 --- [zellpayment-api] [restartedMain] .e.DevToolsPropertyDefaultsPostProcessor : For additional web related logging consider setting the 'logging.level.web' property to 'DEBUG'
2026-09-10T18:49:42.090+05:30  INFO 25840 --- [zellpayment-api] [restartedMain] .s.d.r.c.RepositoryConfigurationDelegate : Multiple Spring Data modules found, entering strict repository configuration mode
2026-09-10T18:49:42.092+05:30  INFO 25840 --- [zellpayment-api] [restartedMain] .s.d.r.c.RepositoryConfigurationDelegate : Bootstrapping Spring Data JPA repositories in DEFAULT mode.
2026-09-10T18:49:42.106+05:30  INFO 25840 --- [zellpayment-api] [restartedMain] .s.d.r.c.RepositoryConfigurationDelegate : Finished Spring Data repository scanning in 8 ms. Found 0 JPA repository interfaces.
2026-09-10T18:49:42.130+05:30  INFO 25840 --- [zellpayment-api] [restartedMain] .s.d.r.c.RepositoryConfigurationDelegate : Multiple Spring Data modules found, entering strict repository configuration mode
2026-09-10T18:49:42.130+05:30  INFO 25840 --- [zellpayment-api] [restartedMain] .s.d.r.c.RepositoryConfigurationDelegate : Bootstrapping Spring Data MongoDB repositories in DEFAULT mode.
2026-09-10T18:49:42.133+05:30  INFO 25840 --- [zellpayment-api] [restartedMain] .s.d.r.c.RepositoryConfigurationDelegate : Finished Spring Data repository scanning in 1 ms. Found 0 MongoDB repository interfaces.
2026-09-10T18:49:42.561+05:30  INFO 25840 --- [zellpayment-api] [restartedMain] o.s.boot.tomcat.TomcatWebServer          : Tomcat initialized with port 9092 (http)
2026-09-10T18:49:42.579+05:30  INFO 25840 --- [zellpayment-api] [restartedMain] o.apache.catalina.core.StandardService   : Starting service [Tomcat]
2026-09-10T18:49:42.580+05:30  INFO 25840 --- [zellpayment-api] [restartedMain] o.apache.catalina.core.StandardEngine    : Starting Servlet engine: [Apache Tomcat/11.0.24]
2026-09-10T18:49:42.615+05:30  INFO 25840 --- [zellpayment-api] [restartedMain] b.w.c.s.WebApplicationContextInitializer : Root WebApplicationContext: initialization completed in 1274 ms
2026-09-10T18:49:42.860+05:30  INFO 25840 --- [zellpayment-api] [restartedMain] com.zaxxer.hikari.HikariDataSource       : HikariPool-1 - Starting...
2026-09-10T18:49:43.054+05:30  INFO 25840 --- [zellpayment-api] [restartedMain] com.zaxxer.hikari.pool.HikariPool        : HikariPool-1 - Added connection oracle.jdbc.driver.T4CConnection@4eb192dc
2026-09-10T18:49:43.055+05:30  INFO 25840 --- [zellpayment-api] [restartedMain] com.zaxxer.hikari.HikariDataSource       : HikariPool-1 - Start completed.
2026-09-10T18:49:43.075+05:30  INFO 25840 --- [zellpayment-api] [restartedMain] org.hibernate.orm.jpa                    : HHH008540: Processing PersistenceUnitInfo [name: default]
2026-09-10T18:49:43.113+05:30  INFO 25840 --- [zellpayment-api] [restartedMain] org.hibernate.orm.core                   : HHH000001: Hibernate ORM core version 7.4.5.Final
2026-09-10T18:49:43.460+05:30  INFO 25840 --- [zellpayment-api] [restartedMain] o.s.o.j.p.SpringPersistenceUnitInfo      : No LoadTimeWeaver setup: ignoring JPA class transformer
2026-09-10T18:49:43.661+05:30  WARN 25840 --- [zellpayment-api] [restartedMain] org.hibernate.orm.core                   : HHH000511: The 11.2.0 version for [org.hibernate.dialect.OracleDialect] is no longer supported, hence certain features may not work properly.The minimum supported version is 19.0.0. Check the community dialects project for available legacy versions.
2026-09-10T18:49:43.683+05:30  WARN 25840 --- [zellpayment-api] [restartedMain] org.hibernate.orm.jdbc                   : HHH100123: Low default JDBC fetch size: 10 (consider setting 'hibernate.jdbc.fetch_size')
2026-09-10T18:49:43.686+05:30  INFO 25840 --- [zellpayment-api] [restartedMain] org.hibernate.orm.connections.pooling    : HHH10001005: Database info:
	Database JDBC URL [jdbc:oracle:thin:@localhost:1521:xe]
	Database driver: Oracle JDBC driver
	Database dialect: OracleDialect
	Database version: 11.2
	Default catalog/schema: undefined/SYSTEM
	Autocommit mode: undefined/unknown
	Isolation level: READ_COMMITTED [default READ_COMMITTED]
	JDBC fetch size: 10
	Pool: DataSourceConnectionProvider
	Minimum pool size: undefined/unknown
	Maximum pool size: undefined/unknown
2026-09-10T18:49:44.015+05:30  INFO 25840 --- [zellpayment-api] [restartedMain] org.hibernate.orm.core                   : HHH000489: No JTA platform available (set 'hibernate.transaction.jta.platform' to enable JTA platform integration)
2026-09-10T18:49:44.024+05:30  INFO 25840 --- [zellpayment-api] [restartedMain] j.LocalContainerEntityManagerFactoryBean : Initialized JPA EntityManagerFactory for persistence unit 'default'
2026-09-10T18:49:44.124+05:30  WARN 25840 --- [zellpayment-api] [restartedMain] JpaBaseConfiguration$JpaWebConfiguration : spring.jpa.open-in-view is enabled by default. Therefore, database queries may be performed during view rendering. Explicitly configure spring.jpa.open-in-view to disable this warning
2026-09-10T18:49:44.569+05:30  INFO 25840 --- [zellpayment-api] [restartedMain] org.mongodb.driver.client                : MongoClient with metadata {"driver": {"name": "mongo-java-driver|spring-boot|sync", "version": "5.8.1"}, "os": {"type": "Windows", "name": "Windows 11", "architecture": "amd64", "version": "10.0"}, "platform": "Java/Oracle Corporation/26.0.2.1+1-7"} created with settings MongoClientSettings{readPreference=primary, writeConcern=WriteConcern{w=null, wTimeout=null ms, journal=null}, retryWrites=true, retryReads=true, readConcern=ReadConcern{level=null}, credential=null, transportSettings=null, commandListeners=[io.micrometer.core.instrument.binder.mongodb.MongoMetricsCommandListener@5b897cb], codecRegistry=ProvidersCodecRegistry{codecProviders=[ValueCodecProvider{}, BsonValueCodecProvider{}, DBRefCodecProvider{}, DBObjectCodecProvider{}, DocumentCodecProvider{}, CollectionCodecProvider{}, IterableCodecProvider{}, MapCodecProvider{}, GeoJsonCodecProvider{}, GridFSFileCodecProvider{}, Jsr310CodecProvider{}, JsonObjectCodecProvider{}, BsonCodecProvider{}, com.mongodb.client.model.mql.ExpressionCodecProvider@1765217, com.mongodb.Jep395RecordCodecProvider@23fb510e, com.mongodb.KotlinCodecProvider@25b62b63, EnumCodecProvider{}]}, loggerSettings=LoggerSettings{maxDocumentLength=1000}, clusterSettings={hosts=[localhost:27017], srvServiceName=mongodb, mode=SINGLE, requiredClusterType=UNKNOWN, requiredReplicaSetName='null', serverSelector='null', clusterListeners='[]', serverSelectionTimeout='30000 ms', localThreshold='15 ms'}, socketSettings=SocketSettings{connectTimeoutMS=10000, readTimeoutMS=0, receiveBufferSize=0, proxySettings=ProxySettings{host=null, port=null, username=null, password=null}}, heartbeatSocketSettings=SocketSettings{connectTimeoutMS=10000, readTimeoutMS=10000, receiveBufferSize=0, proxySettings=ProxySettings{host=null, port=null, username=null, password=null}}, connectionPoolSettings=ConnectionPoolSettings{maxSize=100, minSize=0, maxWaitTimeMS=120000, maxConnectionLifeTimeMS=0, maxConnectionIdleTimeMS=0, maintenanceInitialDelayMS=0, maintenanceFrequencyMS=60000, connectionPoolListeners=[io.micrometer.core.instrument.binder.mongodb.MongoMetricsConnectionPoolListener@2ada625d], maxConnecting=2}, serverSettings=ServerSettings{heartbeatFrequencyMS=10000, minHeartbeatFrequencyMS=500, serverMonitoringMode=AUTO, serverListeners='[]', serverMonitorListeners='[]'}, sslSettings=SslSettings{enabled=false, invalidHostNameAllowed=false, context=null}, applicationName='null', compressorList=[], uuidRepresentation=UNSPECIFIED, serverApi=null, autoEncryptionSettings=null, dnsClient=null, inetAddressResolver=null, contextProvider=null, timeoutMS=null}
2026-09-10T18:49:44.575+05:30  INFO 25840 --- [zellpayment-api] [cluster-6aa2ae70754837fd2db42a79-localhost:27017] org.mongodb.driver.cluster               : Monitor thread successfully connected to server with description ServerDescription{address=localhost:27017, type=STANDALONE, cryptd=false, state=CONNECTED, ok=true, minWireVersion=0, maxWireVersion=28, maxDocumentSize=16777216, logicalSessionTimeoutMinutes=30, roundTripTimeNanos=12159500, minRoundTripTimeNanos=0}
2026-09-10T18:49:44.812+05:30  INFO 25840 --- [zellpayment-api] [restartedMain] o.s.b.a.e.web.EndpointLinksResolver      : Exposing 13 endpoints beneath base path '/actuator'
2026-09-10T18:49:44.869+05:30  INFO 25840 --- [zellpayment-api] [restartedMain] o.s.boot.tomcat.TomcatWebServer          : Tomcat started on port 9092 (http) with context path '/'
2026-09-10T18:49:44.876+05:30  INFO 25840 --- [zellpayment-api] [restartedMain] c.zellpayment.ZellpaymentApiApplication  : Started ZellpaymentApiApplication in 3.998 seconds (process running for 4.524)
2026-09-10T18:49:44.880+05:30  WARN 25840 --- [zellpayment-api] [restartedMain] o.s.core.events.SpringDocAppInitializer  : SpringDoc /v3/api-docs endpoint is enabled by default. To disable it in production, set the property 'springdoc.api-docs.enabled=false'
2026-09-10T18:49:44.880+05:30  WARN 25840 --- [zellpayment-api] [restartedMain] o.s.core.events.SpringDocAppInitializer  : SpringDoc /swagger-ui.html endpoint is enabled by default. To disable it in production, set the property 'springdoc.swagger-ui.enabled=false'
2026-09-10T18:49:44.881+05:30  INFO 25840 --- [zellpayment-api] [restartedMain] c.zellpayment.ZellpaymentApiApplication  : ZellpaymentApiApplication started
2026-09-10T18:49:51.062+05:30  INFO 25840 --- [zellpayment-api] [http-nio-9092-exec-1] o.a.c.c.C.[Tomcat].[localhost].[/]       : Initializing Spring DispatcherServlet 'dispatcherServlet'
2026-09-10T18:49:51.062+05:30  INFO 25840 --- [zellpayment-api] [http-nio-9092-exec-1] o.s.web.servlet.DispatcherServlet        : Initializing Servlet 'dispatcherServlet'
2026-09-10T18:49:51.064+05:30  INFO 25840 --- [zellpayment-api] [http-nio-9092-exec-1] o.s.web.servlet.DispatcherServlet        : Completed initialization in 2 ms
2026-09-10T18:50:12.152+05:30  INFO 25840 --- [zellpayment-api] [SpringApplicationShutdownHook] o.s.boot.tomcat.GracefulShutdown         : Commencing graceful shutdown. Waiting for active requests to complete
2026-09-10T18:50:12.157+05:30  INFO 25840 --- [zellpayment-api] [tomcat-shutdown] o.s.boot.tomcat.GracefulShutdown         : Graceful shutdown complete
2026-09-10T18:50:12.164+05:30  INFO 25840 --- [zellpayment-api] [SpringApplicationShutdownHook] j.LocalContainerEntityManagerFactoryBean : Closing JPA EntityManagerFactory for persistence unit 'default'
2026-09-10T18:50:12.166+05:30  INFO 25840 --- [zellpayment-api] [SpringApplicationShutdownHook] com.zaxxer.hikari.HikariDataSource       : HikariPool-1 - Shutdown initiated...
2026-09-10T18:50:12.173+05:30  INFO 25840 --- [zellpayment-api] [SpringApplicationShutdownHook] com.zaxxer.hikari.HikariDataSource       : HikariPool-1 - Shutdown completed.
2026-09-10T18:50:15.002+05:30  INFO 13500 --- [zellpayment-api] [restartedMain] c.zellpayment.ZellpaymentApiApplication  : Starting ZellpaymentApiApplication using Java 26.0.2.1 with PID 13500 (C:\Xworkz Internship\zellpayment-api\zellpayment-api\build\classes\java\main started by SHASHANK in C:\Xworkz Internship\zellpayment-api\zellpayment-api)
2026-09-10T18:50:15.004+05:30 DEBUG 13500 --- [zellpayment-api] [restartedMain] c.zellpayment.ZellpaymentApiApplication  : Running with Spring Boot v4.1.1, Spring v7.0.9
2026-09-10T18:50:15.005+05:30  INFO 13500 --- [zellpayment-api] [restartedMain] c.zellpayment.ZellpaymentApiApplication  : The following 1 profile is active: "uat"
2026-09-10T18:50:15.053+05:30  INFO 13500 --- [zellpayment-api] [restartedMain] o.s.b.devtools.restart.ChangeableUrls    : The Class-Path manifest attribute in C:\Users\SHASHANK\.gradle\caches\modules-2\files-2.1\com.oracle.database.jdbc\ojdbc11\23.26.3.0.0\6936aba69cb7142aac36a53ed920af563b0e1dd1\ojdbc11-23.26.3.0.0.jar referenced one or more files that do not exist: file:/C:/Users/SHASHANK/.gradle/caches/modules-2/files-2.1/com.oracle.database.jdbc/ojdbc11/23.26.3.0.0/6936aba69cb7142aac36a53ed920af563b0e1dd1/oraclepki.jar
2026-09-10T18:50:15.054+05:30  INFO 13500 --- [zellpayment-api] [restartedMain] .e.DevToolsPropertyDefaultsPostProcessor : Devtools property defaults active! Set 'spring.devtools.add-properties' to 'false' to disable
2026-09-10T18:50:15.054+05:30  INFO 13500 --- [zellpayment-api] [restartedMain] .e.DevToolsPropertyDefaultsPostProcessor : For additional web related logging consider setting the 'logging.level.web' property to 'DEBUG'
2026-09-10T18:50:15.784+05:30  INFO 13500 --- [zellpayment-api] [restartedMain] .s.d.r.c.RepositoryConfigurationDelegate : Multiple Spring Data modules found, entering strict repository configuration mode
2026-09-10T18:50:15.785+05:30  INFO 13500 --- [zellpayment-api] [restartedMain] .s.d.r.c.RepositoryConfigurationDelegate : Bootstrapping Spring Data JPA repositories in DEFAULT mode.
2026-09-10T18:50:15.800+05:30  INFO 13500 --- [zellpayment-api] [restartedMain] .s.d.r.c.RepositoryConfigurationDelegate : Finished Spring Data repository scanning in 8 ms. Found 0 JPA repository interfaces.
2026-09-10T18:50:15.823+05:30  INFO 13500 --- [zellpayment-api] [restartedMain] .s.d.r.c.RepositoryConfigurationDelegate : Multiple Spring Data modules found, entering strict repository configuration mode
2026-09-10T18:50:15.823+05:30  INFO 13500 --- [zellpayment-api] [restartedMain] .s.d.r.c.RepositoryConfigurationDelegate : Bootstrapping Spring Data MongoDB repositories in DEFAULT mode.
2026-09-10T18:50:15.826+05:30  INFO 13500 --- [zellpayment-api] [restartedMain] .s.d.r.c.RepositoryConfigurationDelegate : Finished Spring Data repository scanning in 1 ms. Found 0 MongoDB repository interfaces.
2026-09-10T18:50:16.218+05:30  INFO 13500 --- [zellpayment-api] [restartedMain] o.s.boot.tomcat.TomcatWebServer          : Tomcat initialized with port 9092 (http)
2026-09-10T18:50:16.236+05:30  INFO 13500 --- [zellpayment-api] [restartedMain] o.apache.catalina.core.StandardService   : Starting service [Tomcat]
2026-09-10T18:50:16.237+05:30  INFO 13500 --- [zellpayment-api] [restartedMain] o.apache.catalina.core.StandardEngine    : Starting Servlet engine: [Apache Tomcat/11.0.24]
2026-09-10T18:50:16.282+05:30  INFO 13500 --- [zellpayment-api] [restartedMain] b.w.c.s.WebApplicationContextInitializer : Root WebApplicationContext: initialization completed in 1228 ms
2026-09-10T18:50:16.515+05:30  INFO 13500 --- [zellpayment-api] [restartedMain] com.zaxxer.hikari.HikariDataSource       : HikariPool-1 - Starting...
2026-09-10T18:50:16.705+05:30  INFO 13500 --- [zellpayment-api] [restartedMain] com.zaxxer.hikari.pool.HikariPool        : HikariPool-1 - Added connection oracle.jdbc.driver.T4CConnection@638005ca
2026-09-10T18:50:16.706+05:30  INFO 13500 --- [zellpayment-api] [restartedMain] com.zaxxer.hikari.HikariDataSource       : HikariPool-1 - Start completed.
2026-09-10T18:50:16.726+05:30  INFO 13500 --- [zellpayment-api] [restartedMain] org.hibernate.orm.jpa                    : HHH008540: Processing PersistenceUnitInfo [name: default]
2026-09-10T18:50:16.764+05:30  INFO 13500 --- [zellpayment-api] [restartedMain] org.hibernate.orm.core                   : HHH000001: Hibernate ORM core version 7.4.5.Final
2026-09-10T18:50:17.090+05:30  INFO 13500 --- [zellpayment-api] [restartedMain] o.s.o.j.p.SpringPersistenceUnitInfo      : No LoadTimeWeaver setup: ignoring JPA class transformer
2026-09-10T18:50:17.269+05:30  WARN 13500 --- [zellpayment-api] [restartedMain] org.hibernate.orm.core                   : HHH000511: The 11.2.0 version for [org.hibernate.dialect.OracleDialect] is no longer supported, hence certain features may not work properly.The minimum supported version is 19.0.0. Check the community dialects project for available legacy versions.
2026-09-10T18:50:17.295+05:30  WARN 13500 --- [zellpayment-api] [restartedMain] org.hibernate.orm.jdbc                   : HHH100123: Low default JDBC fetch size: 10 (consider setting 'hibernate.jdbc.fetch_size')
2026-09-10T18:50:17.306+05:30  INFO 13500 --- [zellpayment-api] [restartedMain] org.hibernate.orm.connections.pooling    : HHH10001005: Database info:
	Database JDBC URL [jdbc:oracle:thin:@localhost:1521:xe]
	Database driver: Oracle JDBC driver
	Database dialect: OracleDialect
	Database version: 11.2
	Default catalog/schema: undefined/SYSTEM
	Autocommit mode: undefined/unknown
	Isolation level: READ_COMMITTED [default READ_COMMITTED]
	JDBC fetch size: 10
	Pool: DataSourceConnectionProvider
	Minimum pool size: undefined/unknown
	Maximum pool size: undefined/unknown
2026-09-10T18:50:17.606+05:30  INFO 13500 --- [zellpayment-api] [restartedMain] org.hibernate.orm.core                   : HHH000489: No JTA platform available (set 'hibernate.transaction.jta.platform' to enable JTA platform integration)
2026-09-10T18:50:17.613+05:30  INFO 13500 --- [zellpayment-api] [restartedMain] j.LocalContainerEntityManagerFactoryBean : Initialized JPA EntityManagerFactory for persistence unit 'default'
2026-09-10T18:50:17.705+05:30  WARN 13500 --- [zellpayment-api] [restartedMain] JpaBaseConfiguration$JpaWebConfiguration : spring.jpa.open-in-view is enabled by default. Therefore, database queries may be performed during view rendering. Explicitly configure spring.jpa.open-in-view to disable this warning
2026-09-10T18:50:18.104+05:30  INFO 13500 --- [zellpayment-api] [restartedMain] org.mongodb.driver.client                : MongoClient with metadata {"driver": {"name": "mongo-java-driver|spring-boot|sync", "version": "5.8.1"}, "os": {"type": "Windows", "name": "Windows 11", "architecture": "amd64", "version": "10.0"}, "platform": "Java/Oracle Corporation/26.0.2.1+1-7"} created with settings MongoClientSettings{readPreference=primary, writeConcern=WriteConcern{w=null, wTimeout=null ms, journal=null}, retryWrites=true, retryReads=true, readConcern=ReadConcern{level=null}, credential=null, transportSettings=null, commandListeners=[io.micrometer.core.instrument.binder.mongodb.MongoMetricsCommandListener@19ca39b9], codecRegistry=ProvidersCodecRegistry{codecProviders=[ValueCodecProvider{}, BsonValueCodecProvider{}, DBRefCodecProvider{}, DBObjectCodecProvider{}, DocumentCodecProvider{}, CollectionCodecProvider{}, IterableCodecProvider{}, MapCodecProvider{}, GeoJsonCodecProvider{}, GridFSFileCodecProvider{}, Jsr310CodecProvider{}, JsonObjectCodecProvider{}, BsonCodecProvider{}, com.mongodb.client.model.mql.ExpressionCodecProvider@35014aba, com.mongodb.Jep395RecordCodecProvider@1a1565ab, com.mongodb.KotlinCodecProvider@35d99e69, EnumCodecProvider{}]}, loggerSettings=LoggerSettings{maxDocumentLength=1000}, clusterSettings={hosts=[localhost:27017], srvServiceName=mongodb, mode=SINGLE, requiredClusterType=UNKNOWN, requiredReplicaSetName='null', serverSelector='null', clusterListeners='[]', serverSelectionTimeout='30000 ms', localThreshold='15 ms'}, socketSettings=SocketSettings{connectTimeoutMS=10000, readTimeoutMS=0, receiveBufferSize=0, proxySettings=ProxySettings{host=null, port=null, username=null, password=null}}, heartbeatSocketSettings=SocketSettings{connectTimeoutMS=10000, readTimeoutMS=10000, receiveBufferSize=0, proxySettings=ProxySettings{host=null, port=null, username=null, password=null}}, connectionPoolSettings=ConnectionPoolSettings{maxSize=100, minSize=0, maxWaitTimeMS=120000, maxConnectionLifeTimeMS=0, maxConnectionIdleTimeMS=0, maintenanceInitialDelayMS=0, maintenanceFrequencyMS=60000, connectionPoolListeners=[io.micrometer.core.instrument.binder.mongodb.MongoMetricsConnectionPoolListener@6b715d2e], maxConnecting=2}, serverSettings=ServerSettings{heartbeatFrequencyMS=10000, minHeartbeatFrequencyMS=500, serverMonitoringMode=AUTO, serverListeners='[]', serverMonitorListeners='[]'}, sslSettings=SslSettings{enabled=false, invalidHostNameAllowed=false, context=null}, applicationName='null', compressorList=[], uuidRepresentation=UNSPECIFIED, serverApi=null, autoEncryptionSettings=null, dnsClient=null, inetAddressResolver=null, contextProvider=null, timeoutMS=null}
2026-09-10T18:50:18.114+05:30  INFO 13500 --- [zellpayment-api] [cluster-6aa2ae92400d6ceec92e9ada-localhost:27017] org.mongodb.driver.cluster               : Monitor thread successfully connected to server with description ServerDescription{address=localhost:27017, type=STANDALONE, cryptd=false, state=CONNECTED, ok=true, minWireVersion=0, maxWireVersion=28, maxDocumentSize=16777216, logicalSessionTimeoutMinutes=30, roundTripTimeNanos=11960500, minRoundTripTimeNanos=0}
2026-09-10T18:50:18.332+05:30  INFO 13500 --- [zellpayment-api] [restartedMain] o.s.b.a.e.web.EndpointLinksResolver      : Exposing 13 endpoints beneath base path '/actuator'
2026-09-10T18:50:18.382+05:30  INFO 13500 --- [zellpayment-api] [restartedMain] o.s.boot.tomcat.TomcatWebServer          : Tomcat started on port 9092 (http) with context path '/'
2026-09-10T18:50:18.389+05:30  INFO 13500 --- [zellpayment-api] [restartedMain] c.zellpayment.ZellpaymentApiApplication  : Started ZellpaymentApiApplication in 3.763 seconds (process running for 4.155)
2026-09-10T18:50:18.393+05:30  WARN 13500 --- [zellpayment-api] [restartedMain] o.s.core.events.SpringDocAppInitializer  : SpringDoc /v3/api-docs endpoint is enabled by default. To disable it in production, set the property 'springdoc.api-docs.enabled=false'
2026-09-10T18:50:18.393+05:30  WARN 13500 --- [zellpayment-api] [restartedMain] o.s.core.events.SpringDocAppInitializer  : SpringDoc /swagger-ui.html endpoint is enabled by default. To disable it in production, set the property 'springdoc.swagger-ui.enabled=false'
2026-09-10T18:50:18.393+05:30  INFO 13500 --- [zellpayment-api] [restartedMain] c.zellpayment.ZellpaymentApiApplication  : ZellpaymentApiApplication started
